Country Code,Statistic,2000,2001,2002,2003,2004,2005,2006,2007,2008
AFG,Male,16.44,16.62,16.54,16.42,16.33,16.1,15.95,15.76,15.53
AFG,Female,5.59,5.6,5.49,5.4,5.35,5.24,5.18,5.1,5.02
AFG,"CO2 emissions, total (KtCO2)",781.07,645.39,359.37,583.05,704.06,700.40,696.73,715.07,814.07
AFG,Number of Homeless,0.0,250.0,10000.0,4250.0,2700.0,6775.0,8210.0,3480.0,180.0
AFG,Number of People Affected,2582228.0,204695.0,313670.0,4754.0,5540.0,44720.0,2233910.0,30255.0,452964.0
AGO,"CO2 emissions, total (KtCO2)",9541.53,9732.22,12665.82,9064.82,18793.38,19156.41,22266.02,25151.95,24370.88
AGO,Number of Homeless,9000.0,0.0,0.0,825.0,1700.0,10000.0,225.0,6000.0,0.0
AGO,Number of People Affected,79128.0,40353.0,0.0,825.0,358745.0,10000.0,57795.0,64343.0,98837.0
AGO,Male,25.43,25.02,24.16,23.96,24.19,23.51,23.45,23.06,22.66
AGO,Female,6.7,6.43,6.42,6.45,6.42,6.16,5.94,5.67,5.58
ALB,Male,6.86,7.11,7.34,7.52,7.76,7.73,7.58,7.36,7.49
ALB,Female,3.0,3.13,3.34,3.57,3.67,3.67,3.6,3.47,3.51
ALB,Number of Homeless,0.0,0.0,0.0,0.0,0.0,0.0,0.0,75.0,0.0
ALB,"CO2 emissions, total (KtCO2)",3028.94,3230.63,3751.34,4290.39,4004.36,4602.09,4231.72,4481.07,4176.71
ALB,Number of People Affected,0.0,0.0,192110.0,0.0,2500.0,400500.0,0.0,225.0,0.0
ARG,Number of Homeless,8230.0,2000.0,200.0,20000.0,0.0,200.0,0.0,5000.0,0.0
ARG,Male,20.94,21.24,21.24,20.03,18.64,18.42,18.38,18.94,18.85
ARG,"CO2 emissions, total (KtCO2)",141076.82,140471.77,131406.95,142349.27,155000.42,158924.11,175528.29,183727.70,192378.15
ARG,Number of People Affected,38570.0,256950.0,17927.0,163900.0,6307.0,252.0,4500.0,135000.0,85000.0
ARG,Female,4.63,4.66,4.62,4.55,4.3,4.19,4.15,4.22,4.15
ARM,Number of People Affected,297000.0,0.0,0.0,0.0,0.0,0.0,0.0,0.0,0.0
ARM,Number of Homeless,0.0,0.0,0.0,0.0,0.0,0.0,0.0,0.0,0.0
ARM,"CO2 emissions, total (KtCO2)",3465.32,3542.32,3003.27,3428.65,3645.00,4349.06,4378.40,5056.79,5548.17
ARM,Male,6.27,6.68,7.2,7.56,8.63,10.0,11.6,11.99,13.06
ARM,Female,1.62,1.64,1.67,1.81,2.08,2.39,2.81,2.9,3.21
ASM,"CO2 emissions, total (KtCO2)",..,..,..,..,..,..,..,..,..
ASM,Male,10.0,9.99,9.98,10.01,9.82,9.62,9.51,9.67,9.8
ASM,Number of Homeless,0.0,0.0,0.0,0.0,3000.0,0.0,0.0,0.0,0.0
ASM,Female,3.17,3.27,3.28,3.24,3.19,3.12,3.09,3.08,3.2
ASM,Number of People Affected,0.0,0.0,0.0,3.0,23060.0,0.0,0.0,0.0,0.0
ATG,Male,4.7,4.64,4.63,4.66,4.65,4.67,4.64,4.63,4.7
ATG,Number of Homeless,0.0,0.0,0.0,0.0,0.0,0.0,0.0,0.0,0.0
ATG,"CO2 emissions, total (KtCO2)",344.70,344.70,363.03,388.70,407.04,410.70,425.37,436.37,447.37
ATG,Number of People Affected,0.0,0.0,0.0,0.0,0.0,0.0,0.0,0.0,25800.0
ATG,Female,0.9,0.89,0.89,0.88,0.88,0.87,0.86,0.85,0.85
AUS,Male,20.07,18.99,18.13,17.47,16.89,16.53,16.07,16.43,16.76
AUS,"CO2 emissions, total (KtCO2)",329604.63,324859.53,341397.70,346476.50,349223.08,367393.06,377381.97,380814.28,399218.96
AUS,Number of Homeless,0.0,0.0,249.0,30.0,0.0,0.0,7141.0,90.0,0.0
AUS,Number of People Affected,2150.0,8608.0,373.0,5196.0,4265.0,4420.0,10271.0,5820.0,20400.0
AUS,Female,5.12,4.89,4.87,4.76,4.69,4.56,4.69,4.89,4.87
AUT,Number of People Affected,0.0,0.0,60300.0,0.0,0.0,900.0,516.0,0.0,0.0
AUT,Female,7.64,7.22,7.01,7.01,6.43,6.32,5.89,5.8,5.68
AUT,Male,25.56,24.87,24.58,23.56,23.18,22.37,21.31,20.98,20.24
AUT,"CO2 emissions, total (KtCO2)",61788.95,63637.12,65118.59,72316.91,72118.89,74385.10,72126.22,68807.59,67725.82
AUT,Number of Homeless,0.0,0.0,0.0,0.0,0.0,0.0,0.0,0.0,0.0
AZE,"CO2 emissions, total (KtCO2)",30546.11,29438.68,30007.06,31162.17,32262.27,34491.80,39317.57,42236.51,47139.29
AZE,Number of People Affected,3294.0,0.0,0.0,31500.0,0.0,0.0,0.0,0.0,0.0
AZE,Number of Homeless,0.0,0.0,0.0,1500.0,0.0,0.0,0.0,0.0,0.0
AZE,Male,5.34,5.95,6.26,6.7,7.19,7.64,8.06,8.54,8.21
AZE,Female,1.27,1.46,1.54,1.71,1.84,1.93,2.0,2.13,2.04
BDI,Male,25.92,24.89,24.23,23.78,23.59,23.47,22.74,22.36,21.93
BDI,Female,11.05,10.26,9.59,9.06,8.64,8.2,7.7,7.23,6.87
BDI,Number of People Affected,731191.0,0.0,10163.0,230.0,25620.0,2155000.0,16310.0,25701.0,85775.0
BDI,Number of Homeless,500.0,0.0,0.0,0.0,25620.0,5000.0,9305.0,23000.0,0.0
BDI,"CO2 emissions, total (KtCO2)",300.69,216.35,220.02,165.02,161.35,165.02,198.02,183.35,179.68
BEL,Male,28.2,27.85,27.17,26.53,25.42,25.11,24.17,24.21,24.8
BEL,Female,9.56,9.32,9.09,8.75,8.38,8.35,8.25,8.65,8.58
BEL,Number of Homeless,0.0,0.0,0.0,0.0,0.0,0.0,0.0,0.0,0.0
BEL,Number of People Affected,0.0,0.0,2400.0,0.0,0.0,210.0,0.0,2.0,0.0
BEL,"CO2 emissions, total (KtCO2)",115712.19,114766.10,107531.11,114835.77,111282.45,107116.74,106816.04,102529.32,104879.87
BEN,Female,6.53,6.48,6.43,6.35,6.28,6.2,6.15,6.1,6.09
BEN,Male,18.77,18.9,19.0,18.93,18.78,18.61,18.51,18.38,18.25
BEN,Number of People Affected,7762.0,9760.0,452.0,265.0,0.0,206.0,0.0,10884.0,159223.0
BEN,"CO2 emissions, total (KtCO2)",1617.15,1738.16,2053.52,2321.21,2398.22,2566.90,3729.34,3879.69,4066.70
BEN,Number of Homeless,0.0,0.0,0.0,0.0,0.0,0.0,0.0,884.0,0.0
BFA,"CO2 emissions, total (KtCO2)",1041.43,997.42,1004.76,1078.10,1103.77,1125.77,1360.46,1646.48,1855.50
BFA,Number of Homeless,0.0,0.0,0.0,12120.0,0.0,0.0,10000.0,28000.0,4292.0
BFA,Number of People Affected,0.0,20820.0,0.0,19266.0,2783.0,606.0,33012.0,141808.0,57870.0
BFA,Male,20.74,20.59,20.42,20.41,20.4,20.32,20.42,20.41,20.45
BFA,Female,6.77,6.59,6.42,6.3,6.19,6.03,5.93,5.79,5.66
BGD,Number of People Affected,2853011.0,730750.0,1701304.0,553145.0,36889954.0,1186606.0,229924.0,23215116.0,636090.0
BGD,"CO2 emissions, total (KtCO2)",27865.53,32449.28,33699.73,33824.41,39735.61,37652.76,46644.24,46930.27,46526.90
BGD,Male,8.16,7.93,7.53,7.13,6.99,6.81,6.82,6.85,6.8
BGD,Female,7.47,7.22,7.18,7.11,7.32,7.75,8.1,8.36,8.39
BGD,Number of Homeless,85500.0,0.0,1000.0,0.0,14000.0,21500.0,2400.0,225.0,35638.0
BGR,"CO2 emissions, total (KtCO2)",43530.96,46453.56,44634.72,47307.97,46787.25,47909.36,48943.45,52812.13,50538.59
BGR,Number of People Affected,167.0,0.0,0.0,0.0,0.0,12200.0,547.0,1129.0,0.0
BGR,Number of Homeless,150.0,0.0,0.0,0.0,0.0,0.0,0.0,0.0,0.0
BGR,Female,7.97,7.31,6.77,6.2,5.82,5.42,5.09,4.82,4.52
BGR,Male,24.12,23.3,22.23,20.88,19.84,19.1,18.63,17.74,17.37
BHR,"CO2 emissions, total (KtCO2)",18643.03,13927.27,15698.43,16468.50,17275.24,18595.36,20186.84,21481.29,22478.71
BHR,Female,3.09,3.33,3.44,3.48,3.54,3.45,3.3,3.03,2.81
BHR,Number of People Affected,0.0,0.0,0.0,0.0,0.0,0.0,0.0,0.0,0.0
BHR,Male,9.95,10.18,10.28,10.51,10.78,10.51,9.75,9.21,8.51
BHR,Number of Homeless,0.0,0.0,0.0,0.0,0.0,0.0,0.0,0.0,0.0
BHS,"CO2 emissions, total (KtCO2)",1796.83,1796.83,2082.86,1870.17,2009.52,2108.53,2137.86,2148.86,2156.20
BHS,Number of Homeless,0.0,0.0,0.0,0.0,0.0,0.0,0.0,0.0,0.0
BHS,Male,5.63,5.48,5.3,5.26,5.23,5.16,5.23,5.22,5.33
BHS,Number of People Affected,0.0,0.0,0.0,0.0,9000.0,1500.0,0.0,7000.0,3000.0
BHS,Female,1.07,1.05,1.01,1.02,0.99,0.97,0.96,0.99,0.98
BIH,"CO2 emissions, total (KtCO2)",23252.45,20722.22,22944.42,23263.45,24634.91,25632.33,27469.50,28987.64,31275.84
BIH,Male,14.46,13.78,13.07,12.26,11.44,11.65,11.17,11.59,11.08
BIH,Female,3.38,3.19,3.03,2.87,2.75,2.61,2.61,2.66,2.42
BIH,Number of People Affected,803.0,9000.0,0.0,62575.0,278000.0,3100.0,0.0,0.0,0.0
BIH,Number of Homeless,0.0,0.0,0.0,0.0,0.0,0.0,0.0,0.0,0.0
BLR,Number of People Affected,0.0,0.0,0.0,0.0,0.0,0.0,1820.0,0.0,0.0
BLR,Female,9.34,9.59,10.39,10.1,10.17,10.41,9.93,9.31,9.2
BLR,Male,62.04,64.56,67.59,65.38,62.79,63.7,60.1,54.98,55.42
BLR,Number of Homeless,0.0,0.0,0.0,0.0,0.0,0.0,0.0,0.0,0.0
BLR,"CO2 emissions, total (KtCO2)",53468.53,52595.78,52390.43,53721.55,58220.96,59042.37,61807.29,60256.14,62815.71
BLZ,Number of People Affected,62570.0,20000.0,0.0,0.0,0.0,0.0,0.0,20000.0,48000.0
BLZ,Number of Homeless,0.0,0.0,0.0,0.0,0.0,0.0,0.0,0.0,0.0
BLZ,"CO2 emissions, total (KtCO2)",689.40,711.40,359.37,374.03,381.37,396.04,407.04,425.37,425.37
BLZ,Female,2.57,2.55,2.52,2.46,2.4,2.33,2.22,2.19,2.15
BLZ,Male,15.49,15.24,14.55,14.26,14.11,13.69,13.33,13.02,12.84
BMU,Number of Homeless,0.0,0.0,0.0,0.0,0.0,0.0,0.0,0.0,0.0
BMU,Male,6.98,6.82,6.69,6.68,6.65,6.63,6.59,6.56,6.58
BMU,Female,1.69,1.57,1.48,1.39,1.3,1.23,1.17,1.12,1.09
BMU,"CO2 emissions, total (KtCO2)",495.05,495.05,524.38,509.71,671.06,443.71,520.71,517.05,388.70
BMU,Number of People Affected,0.0,0.0,0.0,0.0,0.0,0.0,0.0,0.0,0.0
BOL,Male,10.7,10.53,10.43,10.31,10.12,9.82,9.73,9.62,9.5
BOL,Female,5.79,5.61,5.6,5.42,5.33,5.2,5.07,5.06,4.94
BOL,Number of People Affected,52287.0,357255.0,17231.0,58530.0,55000.0,3000.0,126600.0,824723.0,41357.0
BOL,Number of Homeless,0.0,0.0,0.0,10300.0,0.0,0.0,0.0,0.0,0.0
BOL,"CO2 emissions, total (KtCO2)",9519.53,8830.14,8346.09,11521.71,10626.97,10293.27,10465.62,13054.52,12834.50
BRA,Female,2.71,2.68,2.69,2.69,2.73,2.78,2.64,2.55,2.48
BRA,Number of Homeless,213000.0,12500.0,3000.0,187410.0,2200.0,10340.0,0.0,0.0,3035.0
BRA,Male,10.28,10.28,10.16,10.15,10.07,9.87,9.78,9.8,9.84
BRA,"CO2 emissions, total (KtCO2)",330125.34,339894.23,335185.80,324753.19,341166.68,349967.48,352541.71,368368.49,393219.74
BRA,Number of People Affected,230000.0,1014446.0,322730.0,205981.0,155314.0,41344.0,116000.0,1211638.0,1954775.0
BRB,Female,1.62,1.56,1.55,1.54,1.51,1.46,1.41,1.41,1.42
BRB,"CO2 emissions, total (KtCO2)",1188.11,1221.11,1228.45,1268.78,1294.45,1353.12,1371.46,1349.46,1353.12
BRB,Male,7.96,7.72,7.86,7.95,7.98,7.88,7.76,7.49,7.46
BRB,Number of Homeless,0.0,0.0,2000.0,0.0,880.0,0.0,0.0,0.0,0.0
BRB,Number of People Affected,0.0,0.0,2000.0,0.0,880.0,0.0,0.0,1.0,0.0
BRN,Male,6.08,6.28,6.57,6.87,7.14,7.39,7.62,7.87,8.09
BRN,Female,1.82,1.93,2.07,2.21,2.34,2.45,2.54,2.63,2.71
BRN,Number of Homeless,0.0,0.0,0.0,0.0,0.0,0.0,0.0,0.0,0.0
BRN,"CO2 emissions, total (KtCO2)",6527.26,6197.23,5320.82,5357.49,5361.15,5126.47,4822.11,9559.87,10593.96
BRN,Number of People Affected,0.0,0.0,0.0,0.0,0.0,0.0,0.0,0.0,0.0
BTN,Number of Homeless,1000.0,0.0,0.0,0.0,0.0,0.0,0.0,0.0,0.0
BTN,Male,9.17,9.07,8.96,8.98,8.91,8.88,8.82,8.79,8.74
BTN,Number of People Affected,1000.0,0.0,0.0,0.0,0.0,0.0,0.0,0.0,0.0
BTN,"CO2 emissions, total (KtCO2)",399.70,414.37,513.38,465.71,469.38,682.06,421.71,579.39,733.40
BTN,Female,4.87,4.61,4.35,4.16,4.0,3.9,3.75,3.62,3.5
BWA,Female,3.21,3.42,3.78,4.14,4.38,4.47,4.44,4.56,5.13
BWA,"CO2 emissions, total (KtCO2)",4275.72,4334.39,4484.74,4264.72,4378.40,4525.08,4459.07,4638.76,4840.44
BWA,Number of Homeless,32000.0,0.0,0.0,0.0,0.0,0.0,0.0,0.0,0.0
BWA,Male,24.88,24.63,24.23,23.79,22.98,21.75,20.63,18.54,17.99
BWA,Number of People Affected,138776.0,0.0,0.0,0.0,4960.0,0.0,22264.0,0.0,15.0
CAF,Female,8.1,8.04,8.05,7.98,7.89,7.84,7.82,7.67,7.49
CAF,Male,28.7,28.64,28.8,28.67,28.48,28.44,28.48,28.16,27.91
CAF,Number of People Affected,2572.0,4473.0,1477.0,619.0,12698.0,23805.0,0.0,7812.0,795.0
CAF,Number of Homeless,0.0,3000.0,750.0,240.0,12698.0,23798.0,0.0,1812.0,795.0
CAF,"CO2 emissions, total (KtCO2)",267.69,245.69,245.69,234.69,234.69,234.69,249.36,253.02,260.36
CAN,Number of Homeless,700.0,30.0,0.0,0.0,0.0,0.0,0.0,0.0,0.0
CAN,"CO2 emissions, total (KtCO2)",537402.52,527131.25,521832.44,553478.65,555865.86,562796.49,548704.21,544171.80,544091.13
CAN,Female,5.54,5.5,5.57,5.55,5.49,5.58,5.46,5.49,5.65
CAN,Male,19.34,19.03,18.5,18.51,17.98,17.91,17.24,17.27,17.05
CAN,Number of People Affected,840.0,1629.0,739.0,2878.0,1000.0,5900.0,3900.0,500.0,2400.0
CHE,Female,8.86,8.7,8.96,8.68,8.31,8.12,8.11,7.68,7.08
CHE,Male,24.58,23.7,23.17,22.37,21.53,20.82,20.01,19.51,18.85
CHE,"CO2 emissions, total (KtCO2)",39093.89,42999.24,40769.71,40241.66,40443.34,41374.76,41877.14,38019.46,40392.01
CHE,Number of People Affected,1500.0,0.0,283.0,8.0,0.0,2500.0,3000.0,101.0,0.0
CHE,Number of Homeless,0.0,0.0,0.0,0.0,0.0,0.0,0.0,0.0,0.0
CHL,Number of People Affected,181667.0,14959.0,255642.0,285.0,9000.0,29105.0,95862.0,25155.0,152755.0
CHL,Female,3.77,3.84,3.62,3.72,3.82,3.82,3.93,4.17,4.16
CHL,Number of Homeless,10401.0,714.0,0.0,285.0,0.0,548.0,0.0,0.0,23000.0
CHL,"CO2 emissions, total (KtCO2)",60094.80,54018.58,56072.10,56409.46,62434.34,63805.80,65697.97,70098.37,73108.98
CHL,Male,22.64,22.04,20.6,20.24,19.9,19.3,19.02,19.1,19.27
CIV,Number of Homeless,0.0,0.0,0.0,0.0,0.0,0.0,0.0,0.0,0.0
CIV,Male,24.76,24.58,24.42,24.42,24.5,24.37,24.27,23.96,23.6
CIV,Female,6.42,6.39,6.31,6.25,6.16,6.14,6.12,6.05,5.93
CIV,"CO2 emissions, total (KtCO2)",6791.28,7726.37,7286.33,5460.16,7664.03,7825.38,7139.65,6384.25,7014.97
CIV,Number of People Affected,0.0,3180.0,861.0,0.0,0.0,210.0,451.0,2150.0,450.0
CMR,Number of People Affected,565.0,2042.0,0.0,100.0,2924.0,1400.0,71.0,10296.0,25000.0
CMR,Female,10.18,10.0,9.85,9.7,9.58,9.5,9.38,9.26,9.11
CMR,"CO2 emissions, total (KtCO2)",3432.31,3421.31,3417.64,3795.35,3956.69,3696.34,4264.72,6167.89,5302.48
CMR,Male,22.92,22.72,22.53,22.37,22.35,22.45,22.57,22.59,22.61
CMR,Number of Homeless,0.0,1500.0,0.0,100.0,0.0,0.0,0.0,10279.0,1000.0
COG,"CO2 emissions, total (KtCO2)",1048.76,861.75,707.73,1085.43,1903.17,1606.15,1463.13,1591.48,1936.18
COG,Female,10.54,9.86,9.46,9.51,9.48,9.51,9.33,9.2,9.07
COG,Number of People Affected,0.0,13.0,53015.0,2.0,0.0,3507.0,8030.0,25000.0,630.0
COG,Number of Homeless,0.0,0.0,48000.0,0.0,0.0,3500.0,5000.0,5000.0,0.0
COG,Male,25.16,23.58,22.5,22.52,22.14,21.77,21.29,21.13,20.97
COL,Number of Homeless,39000.0,7500.0,2000.0,60.0,500.0,0.0,0.0,2000.0,1700.0
COL,"CO2 emissions, total (KtCO2)",57923.93,56273.78,55661.39,57421.55,53772.89,59178.05,61561.60,63439.10,67700.15
COL,Male,10.84,10.76,12.47,11.33,11.27,10.45,10.54,10.14,10.19
COL,Number of People Affected,79430.0,13732.0,126538.0,74838.0,540020.0,604940.0,238465.0,1613518.0,1274219.0
COL,Female,2.6,2.76,2.79,2.73,2.67,2.46,2.51,2.25,2.25
COM,Number of People Affected,0.0,0.0,0.0,300.0,0.0,285358.0,924.0,1490.0,0.0
COM,Number of Homeless,0.0,0.0,0.0,300.0,0.0,0.0,0.0,0.0,0.0
COM,Female,4.83,4.69,4.57,4.48,4.44,4.35,4.27,4.17,4.12
COM,Male,13.22,12.78,12.57,12.26,13.28,13.19,13.22,13.24,13.29
COM,"CO2 emissions, total (KtCO2)",84.34,88.01,91.68,99.01,102.68,110.01,121.01,121.01,124.68
CPV,Male,28.62,29.47,29.66,29.77,29.78,29.87,29.95,29.76,29.67
CPV,Female,5.31,5.34,5.36,5.37,5.44,5.51,5.58,5.69,5.79
CPV,Number of Homeless,0.0,0.0,0.0,0.0,0.0,0.0,0.0,0.0,0.0
CPV,Number of People Affected,0.0,0.0,30000.0,0.0,0.0,0.0,0.0,0.0,0.0
CPV,"CO2 emissions, total (KtCO2)",187.02,209.02,245.69,253.02,264.02,293.36,308.03,311.70,308.03
CRI,"CO2 emissions, total (KtCO2)",5474.83,5760.86,6325.58,6626.27,6930.63,6941.63,7436.68,8118.74,8016.06
CRI,Number of Homeless,0.0,0.0,0.0,0.0,25.0,0.0,0.0,0.0,0.0
CRI,Female,1.81,2.01,2.17,2.27,2.18,2.18,2.28,1.92,1.85
CRI,Male,12.94,12.75,13.29,13.76,14.08,12.83,13.6,12.4,12.5
CRI,Number of People Affected,200.0,1437.0,95040.0,2635.0,3336.0,4072.0,0.0,24500.0,209498.0
CUB,Female,9.11,8.31,7.26,6.76,6.37,6.09,5.35,5.2,5.3
CUB,"CO2 emissions, total (KtCO2)",26039.37,25452.65,26090.71,25485.65,23985.85,24634.91,27168.80,26838.77,31418.86
CUB,Number of Homeless,0.0,0.0,0.0,0.0,41500.0,0.0,0.0,0.0,0.0
CUB,Number of People Affected,675.0,5900012.0,358970.0,600.0,247250.0,2600000.0,1768.0,210488.0,519464.0
CUB,Male,21.88,20.67,19.05,18.6,18.35,18.31,17.45,17.09,16.93
CYP,"CO2 emissions, total (KtCO2)",6849.96,6846.29,7022.31,7748.37,7334.00,7502.68,7788.71,8195.75,8555.11
CYP,Number of Homeless,0.0,0.0,0.0,0.0,0.0,0.0,0.0,0.0,0.0
CYP,Number of People Affected,400.0,0.0,0.0,30.0,10.0,0.0,0.0,0.0,0.0
CYP,Female,2.33,2.27,2.23,2.19,2.13,2.16,2.13,2.05,2.04
CYP,Male,7.57,7.59,7.55,7.53,7.52,7.49,7.53,7.76,7.8
CZE,Number of Homeless,0.0,0.0,0.0,0.0,0.0,0.0,0.0,0.0,0.0
CZE,Number of People Affected,0.0,0.0,200000.0,0.0,0.0,3.0,4315.0,0.0,0.0
CZE,Female,5.41,5.31,5.09,5.13,4.67,4.63,4.33,4.17,4.23
CZE,Male,23.55,23.15,23.0,23.71,23.09,22.39,21.43,21.65,21.58
CZE,"CO2 emissions, total (KtCO2)",124648.66,124406.64,120193.26,122378.79,122708.82,120735.98,122785.83,123944.60,116995.64
DJI,Number of People Affected,419.0,100000.0,0.0,0.0,100000.0,150000.0,0.0,43312.0,340000.0
DJI,Number of Homeless,0.0,0.0,0.0,0.0,1500.0,0.0,0.0,0.0,0.0
DJI,Male,13.61,13.34,13.26,13.22,13.23,13.17,13.06,12.96,12.84
DJI,Female,5.4,5.27,5.18,5.11,5.04,4.92,4.78,4.65,4.52
DJI,"CO2 emissions, total (KtCO2)",403.37,385.04,399.70,407.04,458.38,473.04,487.71,487.71,524.38
DMA,Number of People Affected,0.0,175.0,0.0,0.0,100.0,0.0,0.0,7530.0,0.0
DMA,"CO2 emissions, total (KtCO2)",102.68,113.68,102.68,113.68,110.01,113.68,110.01,150.35,128.35
DMA,Number of Homeless,0.0,0.0,0.0,0.0,0.0,0.0,0.0,0.0,0.0
DMA,Female,1.46,1.4,1.36,1.34,1.33,1.3,1.27,1.27,1.28
DMA,Male,7.4,7.24,7.17,7.15,7.13,6.98,6.97,6.94,6.95
DNK,Number of Homeless,0.0,0.0,0.0,0.0,0.0,0.0,0.0,0.0,0.0
DNK,Number of People Affected,0.0,0.0,0.0,0.0,0.0,0.0,0.0,0.0,0.0
DNK,"CO2 emissions, total (KtCO2)",47252.96,49035.12,51899.05,55947.42,50476.26,46867.93,54418.28,49695.18,46024.52
DNK,Male,19.65,18.6,18.5,17.92,17.21,16.09,16.34,16.22,15.52
DNK,Female,6.82,6.69,6.54,6.08,5.91,5.57,5.52,5.6,5.45
DOM,"CO2 emissions, total (KtCO2)",20117.16,20234.51,21499.62,21521.62,19999.82,19761.46,20813.89,21363.94,21616.97
DOM,Number of People Affected,0.0,0.0,1750.0,77478.0,24261.0,2450.0,0.0,162763.0,17002.0
DOM,Number of Homeless,0.0,0.0,0.0,0.0,2092.0,0.0,0.0,0.0,0.0
DOM,Female,2.75,2.76,2.8,2.9,3.04,3.11,3.23,3.19,3.05
DOM,Male,12.1,12.2,12.51,13.06,13.38,13.15,12.89,12.36,12.12
DZA,"CO2 emissions, total (KtCO2)",87930.99,84293.33,90853.59,92533.08,89493.14,107127.74,107303.75,112741.92,111304.45
DZA,Male,7.51,7.51,7.5,7.28,7.21,7.11,7.0,6.88,6.75
DZA,Number of Homeless,100.0,0.0,0.0,200000.0,0.0,1750.0,150.0,0.0,0.0
DZA,Female,3.01,3.0,2.98,2.89,2.85,2.8,2.74,2.68,2.61
DZA,Number of People Affected,215.0,45423.0,2305.0,210511.0,27880.0,1825.0,60319.0,1305.0,59050.0
ECU,Number of People Affected,100637.0,32300.0,204383.0,32905.0,0.0,0.0,357933.0,0.0,289122.0
ECU,"CO2 emissions, total (KtCO2)",20942.24,23446.80,24689.91,26523.41,28657.61,29299.33,29842.05,30898.14,26824.11
ECU,Number of Homeless,180.0,0.0,3027.0,0.0,0.0,0.0,0.0,0.0,14122.0
ECU,Male,11.26,11.35,11.86,12.32,13.01,13.98,14.34,15.05,15.61
ECU,Female,4.2,4.0,4.63,5.08,5.2,5.41,5.55,5.51,5.52
EGY,Number of Homeless,0.0,0.0,0.0,0.0,0.0,0.0,0.0,0.0,625.0
EGY,Male,6.96,7.45,7.78,8.05,8.15,8.13,8.23,8.03,8.04
EGY,Female,2.85,3.04,3.09,3.11,3.07,3.07,3.02,2.9,2.87
EGY,Number of People Affected,105.0,0.0,1120.0,0.0,162.0,0.0,23.0,0.0,697.0
EGY,"CO2 emissions, total (KtCO2)",141326.18,125451.74,127193.56,158880.11,160581.60,174640.88,187504.71,199220.78,210320.79
ERI,Female,8.92,8.76,8.61,8.52,8.4,8.37,8.27,8.17,8.09
ERI,Male,34.87,35.55,34.96,34.68,33.91,33.03,33.12,32.61,32.04
ERI,"CO2 emissions, total (KtCO2)",608.72,630.72,605.06,726.07,770.07,766.40,561.05,579.39,414.37
ERI,Number of People Affected,0.0,0.0,0.0,0.0,7013.0,0.0,0.0,0.0,1700000.0
ERI,Number of Homeless,0.0,0.0,0.0,0.0,0.0,0.0,0.0,0.0,0.0
ESP,Number of People Affected,1002.0,751.0,50.0,201.0,1700.0,1.0,0.0,4430.0,0.0
ESP,"CO2 emissions, total (KtCO2)",294441.77,297833.74,314525.92,321097.19,339428.52,353462.13,350037.15,358236.56,329285.60
ESP,Male,10.87,10.65,10.57,10.61,10.3,10.18,9.89,9.89,9.78
ESP,Number of Homeless,0.0,0.0,0.0,0.0,0.0,0.0,0.0,0.0,0.0
ESP,Female,3.1,3.05,3.04,3.1,2.96,2.85,2.75,2.75,2.76
EST,Female,9.9,9.45,8.49,7.66,6.76,6.58,6.4,6.01,5.51
EST,Number of People Affected,0.0,0.0,0.0,0.0,0.0,100.0,0.0,0.0,0.0
EST,"CO2 emissions, total (KtCO2)",15559.08,15984.45,15471.07,17553.93,17839.96,17462.25,16945.21,19952.15,18291.00
EST,Number of Homeless,0.0,0.0,0.0,0.0,0.0,0.0,0.0,0.0,0.0
EST,Male,49.32,50.97,48.24,43.94,41.75,38.22,37.33,37.91,33.57
ETH,Female,10.66,10.06,9.51,9.05,8.66,8.25,7.88,7.52,7.23
ETH,Number of Homeless,165.0,0.0,0.0,0.0,0.0,0.0,0.0,0.0,810.0
ETH,Number of People Affected,37203.0,47666.0,4000.0,12710000.0,0.0,2852382.0,466994.0,247386.0,6519574.0
ETH,Male,19.93,19.02,18.27,17.71,17.28,16.79,16.56,16.32,16.19
ETH,"CO2 emissions, total (KtCO2)",5830.53,4308.73,4481.07,4946.78,5196.14,5489.50,5995.55,6560.26,7106.65
FIN,Number of Homeless,0.0,0.0,0.0,0.0,0.0,0.0,0.0,0.0,0.0
FIN,Male,33.2,31.68,29.53,28.83,28.34,27.19,26.88,27.02,26.45
FIN,Female,9.62,9.01,8.71,8.37,8.8,8.51,7.87,7.99,8.04
FIN,Number of People Affected,0.0,0.0,0.0,0.0,0.0,400.0,0.0,0.0,0.0
FIN,"CO2 emissions, total (KtCO2)",52141.07,56424.13,61077.55,68888.26,66970.42,54605.30,66075.67,63923.14,56512.14
FJI,Female,7.93,7.66,7.67,7.53,7.04,6.66,6.3,6.16,6.47
FJI,Number of Homeless,0.0,0.0,0.0,0.0,0.0,0.0,0.0,0.0,0.0
FJI,"CO2 emissions, total (KtCO2)",861.75,1122.10,858.08,1657.48,1888.51,1635.48,1565.81,1459.47,1254.11
FJI,Number of People Affected,0.0,0.0,0.0,30000.0,5600.0,0.0,392.0,969.0,0.0
FJI,Male,14.16,13.9,13.38,13.42,13.07,13.37,13.52,13.59,13.68
FRA,Number of Homeless,200.0,0.0,0.0,0.0,0.0,0.0,0.0,0.0,600.0
FRA,Male,27.35,27.15,26.8,26.41,24.94,25.06,24.47,24.05,23.85
FRA,Female,8.91,8.75,8.58,8.31,7.87,7.58,7.53,7.31,7.43
FRA,"CO2 emissions, total (KtCO2)",365559.56,385808.74,380447.58,387147.19,389706.76,391826.28,382281.08,374283.36,376985.94
FRA,Number of People Affected,2519.0,17302.0,3733.0,30080.0,0.0,4000.0,602.0,900.0,2706.0
GAB,Number of Homeless,0.0,0.0,0.0,0.0,0.0,0.0,0.0,0.0,0.0
GAB,Male,22.54,22.69,22.42,22.5,22.36,22.37,22.43,22.6,22.73
GAB,Female,6.26,6.35,6.16,6.21,6.15,5.94,5.88,5.55,5.42
GAB,Number of People Affected,0.0,10.0,0.0,0.0,100.0,0.0,0.0,17900.0,0.0
GAB,"CO2 emissions, total (KtCO2)",1052.43,1782.16,1778.50,1334.79,1481.47,1785.83,1782.16,1976.51,2471.56
GBR,Male,13.3,12.96,12.73,12.35,11.84,11.6,12.06,11.99,12.14
GBR,Female,3.97,3.8,3.75,3.7,3.54,3.46,3.42,3.36,3.45
GBR,"CO2 emissions, total (KtCO2)",543662.09,550552.38,531942.35,540636.81,545719.27,542473.98,543273.38,529621.14,522855.53
GBR,Number of People Affected,21544.0,270.0,750.0,4.0,1008.0,3000.0,0.0,374701.0,3300.0
GBR,Number of Homeless,0.0,0.0,0.0,0.0,0.0,0.0,0.0,30000.0,0.0
GEO,Female,1.94,1.92,2.1,2.09,2.0,1.72,1.57,1.6,1.8
GEO,Number of People Affected,696000.0,900.0,19156.0,0.0,90.0,2500.0,600.0,0.0,0.0
GEO,Number of Homeless,0.0,0.0,1086.0,0.0,90.0,0.0,0.0,0.0,0.0
GEO,"CO2 emissions, total (KtCO2)",4536.08,3769.68,3388.31,3773.34,3927.36,4734.10,5496.83,6028.55,5203.47
GEO,Male,9.78,9.51,9.38,8.77,8.92,8.29,8.15,8.57,9.69
GHA,Male,14.38,15.35,16.17,16.95,17.75,17.96,18.02,17.56,18.12
GHA,Number of People Affected,0.0,145166.0,2200.0,0.0,0.0,2248.0,0.0,332600.0,58000.0
GHA,Female,2.57,2.6,2.59,2.57,2.54,2.52,2.49,2.45,2.38
GHA,Number of Homeless,0.0,5000.0,0.0,0.0,0.0,0.0,0.0,0.0,0.0
GHA,"CO2 emissions, total (KtCO2)",6299.91,6919.63,7414.67,7601.69,7279.00,7007.64,9350.85,9636.88,8591.78
GMB,Number of Homeless,0.0,0.0,0.0,0.0,0.0,0.0,0.0,0.0,400.0
GMB,Female,6.43,6.45,6.46,6.41,6.41,6.38,6.24,6.1,5.95
GMB,Number of People Affected,116.0,250.0,0.0,8019.0,6137.0,0.0,0.0,300.0,700.0
GMB,"CO2 emissions, total (KtCO2)",275.03,282.36,315.36,315.36,322.70,322.70,337.36,396.04,410.70
GMB,Male,12.63,12.91,13.15,13.3,13.29,13.38,13.5,13.58,13.55
GNQ,Number of People Affected,0.0,0.0,0.0,0.0,946.0,0.0,0.0,0.0,0.0
GNQ,Male,21.33,19.73,18.11,17.48,15.98,15.55,15.73,15.43,15.09
GNQ,Female,6.05,5.72,5.39,5.32,5.06,4.98,5.1,4.99,4.95
GNQ,Number of Homeless,0.0,0.0,0.0,0.0,0.0,0.0,0.0,0.0,0.0
GNQ,"CO2 emissions, total (KtCO2)",454.71,3094.95,4979.79,6017.55,4679.09,4712.10,4752.43,4796.44,4814.77
GRC,Male,4.96,4.87,4.65,4.79,4.89,4.99,4.97,5.22,5.29
GRC,Female,1.15,1.09,1.14,1.16,1.19,1.2,1.15,1.17,1.17
GRC,"CO2 emissions, total (KtCO2)",91616.33,93805.53,93669.85,95738.04,97149.83,98675.30,97285.51,98213.26,97813.56
GRC,Number of People Affected,7485.0,1350.0,569.0,500.0,0.0,0.0,3690.0,5996.0,3708.0
GRC,Number of Homeless,90.0,0.0,0.0,0.0,0.0,0.0,0.0,3735.0,0.0
GRD,Number of People Affected,0.0,0.0,0.0,0.0,60000.0,1650.0,0.0,0.0,0.0
GRD,"CO2 emissions, total (KtCO2)",205.35,220.02,216.35,227.35,216.35,234.69,245.69,245.69,245.69
GRD,Male,8.58,8.54,8.45,8.42,8.37,8.24,8.27,8.24,8.06
GRD,Number of Homeless,0.0,0.0,0.0,0.0,0.0,0.0,0.0,0.0,0.0
GRD,Female,1.71,1.64,1.61,1.56,1.53,1.51,1.5,1.51,1.54
GTM,Female,4.36,4.18,4.2,4.22,4.27,4.11,3.88,3.49,3.17
GTM,Number of Homeless,250.0,0.0,460.0,0.0,0.0,0.0,0.0,0.0,0.0
GTM,Male,25.24,25.52,23.44,23.38,22.03,21.02,20.05,16.89,15.23
GTM,"CO2 emissions, total (KtCO2)",9915.57,10626.97,11173.35,10670.97,11206.35,12156.11,12288.12,12926.18,11914.08
GTM,Number of People Affected,3786.0,122044.0,102756.0,220.0,0.0,477854.0,0.0,6001.0,197300.0
GUM,Number of Homeless,0.0,0.0,5100.0,0.0,0.0,0.0,0.0,0.0,0.0
GUM,Number of People Affected,0.0,0.0,15144.0,0.0,300.0,0.0,0.0,0.0,0.0
GUM,Female,6.33,6.23,6.09,6.06,5.98,5.86,5.77,5.73,5.91
GUM,"CO2 emissions, total (KtCO2)",..,..,..,..,..,..,..,..,..
GUM,Male,28.24,28.36,28.4,28.67,28.64,29.02,29.39,30.2,30.94
GUY,Female,13.21,12.27,11.25,10.8,10.86,11.2,10.97,10.79,10.51
GUY,Number of Homeless,0.0,0.0,0.0,0.0,0.0,0.0,0.0,0.0,0.0
GUY,Male,33.69,39.56,42.59,44.91,45.33,45.36,45.16,43.38,42.66
GUY,"CO2 emissions, total (KtCO2)",1580.48,1518.14,1547.47,1521.81,1463.13,1514.47,1525.47,1525.47,1525.47
GUY,Number of People Affected,0.0,0.0,0.0,0.0,0.0,274774.0,35000.0,0.0,100000.0
HND,Number of People Affected,1125.0,281321.0,89219.0,3105.0,137500.0,104669.0,1500.0,36883.0,313357.0
HND,"CO2 emissions, total (KtCO2)",5031.12,5713.19,6090.89,6769.28,7367.00,7620.03,7308.33,9035.49,8672.46
HND,Female,2.01,1.99,1.98,1.98,1.97,1.95,1.92,1.89,1.85
HND,Number of Homeless,0.0,25270.0,144.0,0.0,0.0,800.0,0.0,1865.0,0.0
HND,Male,8.6,8.53,8.48,8.48,8.43,8.31,8.14,7.97,7.78
HRV,"CO2 emissions, total (KtCO2)",19644.12,20714.88,21877.32,23542.14,23047.10,23105.77,23175.44,24367.22,23303.79
HRV,Female,7.6,7.25,7.18,7.06,6.91,6.62,6.35,6.35,6.1
HRV,Male,27.46,26.76,26.31,26.19,24.6,24.8,23.77,23.77,24.23
HRV,Number of Homeless,0.0,0.0,0.0,0.0,0.0,0.0,0.0,0.0,0.0
HRV,Number of People Affected,800.0,1200.0,0.0,0.0,0.0,250.0,0.0,26.0,0.0
HTI,Male,13.8,13.65,13.54,13.52,13.47,13.5,13.54,13.58,13.61
HTI,Number of People Affected,1200.0,5081.0,38589.0,197745.0,353377.0,42061.0,39700.0,220042.0,246276.0
HTI,Female,5.39,5.26,5.14,5.07,4.98,4.92,4.88,4.84,4.8
HTI,"CO2 emissions, total (KtCO2)",1367.79,1569.48,1826.17,1734.49,1987.51,2075.52,2119.53,2398.22,2434.89
HTI,Number of Homeless,1200.0,0.0,0.0,12470.0,16548.0,185.0,0.0,16109.0,30.0
HUN,Male,40.2,37.72,37.01,36.1,34.96,34.87,33.65,33.38,32.22
HUN,"CO2 emissions, total (KtCO2)",57256.54,57021.85,56031.76,59009.36,57311.54,57879.93,57227.20,55848.41,54638.30
HUN,Female,9.62,9.0,8.72,8.57,8.26,8.14,7.84,7.95,7.6
HUN,Number of People Affected,2000.0,10000.0,1430.0,0.0,393.0,0.0,32300.0,0.0,500.0
HUN,Number of Homeless,0.0,0.0,0.0,0.0,9.0,0.0,0.0,0.0,0.0
IDN,Male,5.41,5.38,5.4,5.4,5.41,5.39,5.37,5.33,5.29
IDN,"CO2 emissions, total (KtCO2)",258120.13,289065.94,303506.59,311885.68,333733.67,336311.57,338134.07,368617.84,406028.58
IDN,Female,2.11,2.04,2.01,1.96,1.91,1.86,1.82,1.78,1.76
IDN,Number of Homeless,61145.0,29600.0,0.0,140.0,532898.0,0.0,708365.0,46675.0,2920.0
IDN,Number of People Affected,804449.0,122116.0,609377.0,688007.0,796698.0,153147.0,3937403.0,1260156.0,487522.0
IND,Number of People Affected,100424940.0,27017741.0,342028850.0,8098047.0,33860512.0,28667616.0,7384478.0,38143033.0,13989068.0
IND,"CO2 emissions, total (KtCO2)",1186663.20,1203843.10,1226791.18,1281913.53,1346595.74,1411127.61,1504364.75,1612383.57,1742697.75
IND,Male,20.41,19.93,19.54,19.03,18.44,18.77,19.0,19.19,19.62
IND,Number of Homeless,252000.0,1792000.0,5200.0,236345.0,105000.0,464000.0,4150000.0,0.0,2400000.0
IND,Female,19.12,18.56,17.63,16.59,16.04,16.13,15.45,14.69,14.33
IRL,Number of Homeless,0.0,0.0,0.0,0.0,0.0,0.0,0.0,0.0,0.0
IRL,"CO2 emissions, total (KtCO2)",40949.39,43780.31,43457.62,42694.88,43211.93,43211.93,43112.92,44411.04,43604.30
IRL,Number of People Affected,1374.0,0.0,300.0,1.0,200.0,0.0,0.0,0.0,0.0
IRL,Female,4.99,4.8,4.51,4.58,4.54,4.48,4.54,4.44,4.77
IRL,Male,20.62,20.13,19.66,17.97,17.92,17.76,17.43,17.49,17.59
IRN,"CO2 emissions, total (KtCO2)",339241.50,357085.13,375211.11,412317.48,442471.22,458866.38,492349.76,506346.69,538403.61
IRN,Number of Homeless,6000.0,0.0,4500.0,67130.0,4000.0,1750.0,0.0,0.0,0.0
IRN,Female,5.0,4.99,4.89,4.73,4.55,4.4,4.24,4.19,4.1
IRN,Male,7.91,8.0,8.05,8.07,8.03,7.98,7.96,8.09,8.2
IRN,Number of People Affected,8915.0,1206534.0,351656.0,298423.0,7051.0,129638.0,171294.0,160009.0,22195.0
IRQ,"CO2 emissions, total (KtCO2)",72445.25,85342.09,87259.93,91117.62,98979.66,97527.53,100853.50,100494.14,102936.36
IRQ,Number of Homeless,0.0,0.0,0.0,0.0,0.0,0.0,0.0,0.0,600.0
IRQ,Number of People Affected,0.0,0.0,0.0,0.0,8000.0,0.0,59910.0,4696.0,1492.0
IRQ,Female,7.1,6.72,6.65,6.26,5.86,5.46,5.08,4.68,4.27
IRQ,Male,11.47,10.8,11.07,10.44,9.9,9.43,8.94,8.53,8.07
ISL,Number of Homeless,69.0,0.0,0.0,0.0,0.0,0.0,0.0,0.0,0.0
ISL,Male,18.2,17.68,17.17,16.77,16.24,15.88,15.77,15.71,15.69
ISL,Female,5.55,5.38,5.21,5.04,4.85,4.62,4.38,4.15,3.97
ISL,Number of People Affected,199.0,0.0,0.0,0.0,0.0,0.0,0.0,0.0,0.0
ISL,"CO2 emissions, total (KtCO2)",2163.53,2101.19,2170.86,2167.20,2233.20,2203.87,2233.20,2339.55,2229.54
ISR,Number of People Affected,549.0,0.0,0.0,0.0,0.0,0.0,0.0,0.0,0.0
ISR,Male,14.63,14.41,13.65,13.04,12.5,12.37,11.84,11.7,11.51
ISR,Female,3.51,3.39,3.41,3.22,3.08,3.2,3.04,2.87,2.63
ISR,Number of Homeless,0.0,0.0,0.0,0.0,0.0,0.0,0.0,0.0,0.0
ISR,"CO2 emissions, total (KtCO2)",62691.03,65749.31,63145.74,65122.25,63200.75,59211.05,65778.65,36816.68,37663.76
ITA,Number of People Affected,46022.0,0.0,29559.0,1586.0,200.0,0.0,159.0,0.0,300.0
ITA,"CO2 emissions, total (KtCO2)",446156.56,447054.97,449284.51,468349.24,470490.77,471400.18,468268.57,459376.09,445118.80
ITA,Number of Homeless,0.0,0.0,9500.0,0.0,0.0,0.0,0.0,0.0,0.0
ITA,Female,2.91,2.78,2.69,2.66,2.46,2.41,2.33,2.31,2.3
ITA,Male,10.17,9.98,9.67,9.51,9.03,8.82,8.77,8.75,8.79
JAM,Number of Homeless,0.0,200.0,0.0,0.0,0.0,0.0,0.0,1188.0,0.0
JAM,Number of People Affected,0.0,200.0,26500.0,0.0,350126.0,10396.0,5280.0,33188.0,4000.0
JAM,"CO2 emissions, total (KtCO2)",10318.94,10626.97,10300.60,10722.31,10714.97,10128.25,12086.43,13894.26,12203.78
JAM,Female,0.79,0.8,0.76,0.77,0.73,0.78,0.8,0.84,0.9
JAM,Male,4.08,4.04,3.88,3.58,3.38,3.92,3.97,4.52,5.01
JOR,Number of Homeless,0.0,0.0,0.0,0.0,0.0,0.0,0.0,0.0,0.0
JOR,Number of People Affected,150212.0,0.0,25.0,0.0,0.0,0.0,0.0,0.0,0.0
JOR,Female,3.95,3.84,3.69,3.49,3.37,3.01,2.73,2.34,1.98
JOR,Male,6.29,6.1,5.91,5.73,5.55,5.36,5.27,5.18,5.06
JOR,"CO2 emissions, total (KtCO2)",15507.74,16002.79,16886.54,17469.59,19240.75,21026.58,20733.22,21495.95,21382.28
JPN,Number of People Affected,576783.0,21287.0,101047.0,24484.0,421619.0,278374.0,23433.0,109222.0,50921.0
JPN,"CO2 emissions, total (KtCO2)",1219592.86,1202266.29,1216761.94,1237242.13,1259658.50,1238188.22,1231770.97,1251187.73,1208162.82
JPN,Number of Homeless,312.0,12.0,0.0,219.0,5800.0,0.0,99.0,40668.0,0.0
JPN,Male,26.82,27.2,27.46,28.54,28.07,28.53,27.86,27.74,27.45
JPN,Female,9.74,9.66,9.62,9.79,10.04,10.21,10.2,10.18,10.24
KAZ,Number of People Affected,2614.0,3680.0,0.0,36626.0,0.0,25000.0,0.0,0.0,13000.0
KAZ,Male,59.75,62.71,63.14,65.61,67.36,67.66,66.96,63.24,57.56
KAZ,Female,10.66,10.99,11.36,11.88,12.19,12.44,12.39,11.66,11.42
KAZ,"CO2 emissions, total (KtCO2)",127769.28,147908.45,151945.81,153815.98,172158.32,177233.44,192121.46,227401.67,236954.21
KAZ,Number of Homeless,0.0,0.0,0.0,0.0,0.0,0.0,0.0,0.0,0.0
KEN,Number of Homeless,0.0,0.0,0.0,0.0,0.0,0.0,0.0,0.0,0.0
KEN,"CO2 emissions, total (KtCO2)",10417.95,9369.19,7968.39,6754.61,7623.69,8562.45,9574.54,9831.23,10392.28
KEN,Number of People Affected,721.0,743.0,175008.0,60300.0,2312141.0,3537845.0,783888.0,42657.0,3862458.0
KEN,Female,6.98,6.77,6.65,6.72,6.03,5.71,5.41,5.22,5.07
KEN,Male,20.35,20.39,20.76,21.15,21.43,21.68,21.56,21.4,21.08
KGZ,"CO2 emissions, total (KtCO2)",4528.75,3780.68,4847.77,5276.81,5606.84,5185.14,5170.47,6461.25,6208.23
KGZ,Male,29.55,29.32,29.09,28.53,27.98,27.47,26.52,25.17,23.25
KGZ,Female,5.85,5.65,5.74,5.75,5.62,5.62,5.57,5.56,5.36
KGZ,Number of People Affected,0.0,0.0,1002.0,211.0,98.0,2050.0,21125.0,845.0,4197.0
KGZ,Number of Homeless,0.0,0.0,522.0,53.0,80.0,2050.0,50.0,0.0,1055.0
KHM,Number of Homeless,0.0,0.0,0.0,0.0,0.0,0.0,0.0,0.0,0.0
KHM,Male,8.29,8.17,8.05,7.94,7.87,7.79,7.69,7.63,7.56
KHM,Female,3.71,3.58,3.46,3.34,3.22,3.11,3.0,2.9,2.79
KHM,Number of People Affected,3448053.0,1969182.0,2120000.0,0.0,0.0,600000.0,42368.0,36000.0,0.0
KHM,"CO2 emissions, total (KtCO2)",2255.21,2643.91,2860.26,3127.95,3498.32,3722.01,4074.04,4440.74,4602.09
KIR,Number of People Affected,0.0,0.0,0.0,0.0,0.0,0.0,0.0,0.0,85.0
KIR,Number of Homeless,0.0,0.0,0.0,0.0,0.0,0.0,0.0,0.0,85.0
KIR,Female,7.59,7.48,7.36,7.21,7.12,7.03,6.99,7.0,6.99
KIR,Male,49.23,48.95,48.9,48.7,48.62,48.45,48.61,48.84,48.87
KIR,"CO2 emissions, total (KtCO2)",33.00,25.67,25.67,25.67,25.67,25.67,29.34,33.00,29.34
KWT,Number of Homeless,0.0,0.0,0.0,0.0,0.0,0.0,0.0,0.0,0.0
KWT,Male,4.08,3.73,3.62,3.54,3.68,3.85,3.98,3.95,4.05
KWT,"CO2 emissions, total (KtCO2)",59112.04,55144.35,52727.79,61653.27,69529.99,77216.02,71950.21,73002.64,76742.98
KWT,Number of People Affected,0.0,0.0,0.0,1.0,0.0,0.0,0.0,0.0,0.0
KWT,Female,2.1,1.88,2.0,1.98,1.91,1.78,1.72,1.72,1.67
LAO,Male,20.96,20.1,19.04,18.24,17.53,16.96,16.5,16.03,15.65
LAO,Number of People Affected,459685.0,453000.0,150000.0,0.0,0.0,0.0,0.0,0.0,204190.0
LAO,"CO2 emissions, total (KtCO2)",1059.76,1199.11,1323.79,1356.79,1397.13,1426.46,1518.14,1536.47,1532.81
LAO,Number of Homeless,0.0,0.0,0.0,0.0,0.0,0.0,0.0,0.0,0.0
LAO,Female,7.83,7.44,7.0,6.61,6.27,6.0,5.71,5.46,5.26
LBN,"CO2 emissions, total (KtCO2)",15353.73,16208.14,16039.46,18221.32,16835.20,17539.26,15027.37,15504.08,17099.22
LBN,Male,7.08,7.01,6.95,6.93,6.98,7.01,7.06,7.13,7.22
LBN,Number of People Affected,0.0,0.0,500.0,17000.0,0.0,0.0,0.0,15.0,0.0
LBN,Number of Homeless,0.0,0.0,0.0,0.0,0.0,0.0,0.0,0.0,0.0
LBN,Female,3.19,3.13,3.07,3.04,2.99,2.95,2.84,2.74,2.65
LBR,Number of People Affected,112.0,0.0,661.0,19418.0,0.0,674.0,0.0,20500.0,340.0
LBR,Male,15.44,15.15,15.09,15.02,14.89,14.7,14.78,14.85,14.85
LBR,Number of Homeless,0.0,0.0,0.0,0.0,0.0,0.0,0.0,3500.0,340.0
LBR,"CO2 emissions, total (KtCO2)",436.37,502.38,502.38,531.72,627.06,740.73,759.07,678.40,608.72
LBR,Female,8.45,8.82,9.41,9.93,10.64,11.38,11.38,11.36,11.37
LBY,Number of People Affected,0.0,0.0,0.0,0.0,0.0,0.0,0.0,0.0,0.0
LBY,Male,9.74,9.89,9.79,9.7,9.84,9.7,9.52,9.6,10.39
LBY,Number of Homeless,0.0,0.0,0.0,0.0,0.0,0.0,0.0,0.0,0.0
LBY,Female,3.9,3.87,3.87,3.65,3.6,3.66,3.37,3.21,3.35
LBY,"CO2 emissions, total (KtCO2)",49753.86,51073.98,47623.33,49167.14,50318.57,52093.40,53780.22,54201.93,58330.97
LCA,Female,1.78,1.73,1.68,1.6,1.53,1.48,1.43,1.43,1.41
LCA,Male,13.02,12.3,12.32,12.69,12.87,12.54,12.34,11.94,11.51
LCA,"CO2 emissions, total (KtCO2)",330.03,363.03,326.36,359.37,355.70,366.70,366.70,385.04,396.04
LCA,Number of People Affected,0.0,0.0,0.0,0.0,0.0,0.0,0.0,0.0,0.0
LCA,Number of Homeless,0.0,0.0,0.0,0.0,0.0,0.0,0.0,0.0,0.0
LKA,Male,67.55,61.67,56.92,55.27,51.96,49.62,46.08,44.46,43.03
LKA,Number of People Affected,775113.0,1000160.0,500000.0,695000.0,1234306.0,145000.0,333002.0,406000.0,826905.0
LKA,Female,13.85,12.08,11.23,10.89,10.53,10.62,9.57,8.88,8.46
LKA,"CO2 emissions, total (KtCO2)",10161.26,10245.60,11008.33,10659.97,11965.42,11642.73,11741.73,12313.79,11763.74
LKA,Number of Homeless,0.0,160.0,0.0,0.0,480000.0,0.0,0.0,0.0,0.0
LSO,Female,17.53,17.7,18.77,20.61,21.02,21.58,21.24,21.61,22.83
LSO,Male,39.15,40.62,42.61,43.84,45.34,46.17,47.06,47.17,47.18
LSO,Number of People Affected,1834.0,2001.0,500000.0,0.0,0.0,0.0,0.0,475000.0,4500.0
LSO,"CO2 emissions, total (KtCO2)",..,..,..,..,..,..,..,..,..
LSO,Number of Homeless,0.0,1000.0,0.0,0.0,0.0,0.0,0.0,0.0,0.0
LTU,"CO2 emissions, total (KtCO2)",12200.11,12918.84,13212.20,12915.17,13325.88,14000.61,14293.97,15137.38,15130.04
LTU,Number of People Affected,0.0,0.0,0.0,0.0,0.0,0.0,0.0,0.0,0.0
LTU,Number of Homeless,0.0,0.0,0.0,0.0,0.0,0.0,0.0,0.0,0.0
LTU,Male,72.27,74.66,72.3,69.42,67.85,69.51,68.77,71.22,66.34
LTU,Female,12.9,12.87,11.77,11.56,11.13,11.54,11.76,11.74,11.31
LUX,"CO2 emissions, total (KtCO2)",8236.08,8580.78,9424.19,9919.24,11067.01,11327.36,11312.70,10843.32,10502.29
LUX,Male,19.05,18.74,18.59,17.89,17.5,16.64,16.33,15.4,14.58
LUX,Number of Homeless,0.0,0.0,0.0,0.0,0.0,0.0,0.0,0.0,0.0
LUX,Number of People Affected,0.0,0.0,0.0,0.0,0.0,0.0,0.0,0.0,0.0
LUX,Female,6.68,6.41,6.31,5.97,5.81,5.59,5.48,5.39,5.24
LVA,Number of People Affected,102.0,0.0,0.0,0.0,0.0,0.0,0.0,0.0,0.0
LVA,"CO2 emissions, total (KtCO2)",6171.56,6853.62,6651.94,7088.31,7132.32,7176.32,7590.69,7928.05,7590.69
LVA,Male,50.72,51.65,49.84,45.98,43.75,45.01,45.47,43.1,39.97
LVA,Number of Homeless,0.0,0.0,0.0,0.0,0.0,0.0,0.0,0.0,0.0
LVA,Female,9.34,9.21,8.76,8.46,7.72,7.38,7.53,6.9,6.2
MAR,Number of Homeless,0.0,0.0,0.0,0.0,12539.0,0.0,0.0,0.0,0.0
MAR,"CO2 emissions, total (KtCO2)",33905.08,37715.10,38254.14,37561.08,40590.02,42823.23,43993.00,46281.21,47905.69
MAR,Number of People Affected,950.0,300.0,15017.0,10000.0,13465.0,0.0,2100.0,0.0,20000.0
MAR,Female,11.32,11.16,11.0,10.78,10.52,10.27,10.08,9.96,9.82
MAR,Male,6.96,7.11,7.06,7.07,7.07,7.07,7.04,7.07,7.09
MDA,Number of People Affected,2600000.0,0.0,500.0,0.0,0.0,6500.0,0.0,210394.0,4000.0
MDA,Male,30.51,30.11,29.9,30.29,31.44,33.41,32.57,31.39,31.13
MDA,"CO2 emissions, total (KtCO2)",3512.99,3714.67,3986.03,4290.39,4554.41,4895.45,4994.45,4686.43,4774.43
MDA,Number of Homeless,0.0,0.0,0.0,0.0,0.0,0.0,0.0,0.0,0.0
MDA,Female,5.23,5.32,5.3,5.3,5.29,5.5,5.52,5.3,5.17
MDG,Number of Homeless,0.0,0.0,5000.0,51605.0,258450.0,8877.0,404.0,12000.0,194338.0
MDG,Number of People Affected,1337499.0,0.0,1150075.0,186120.0,1032429.0,81602.0,6516.0,255511.0,1253686.0
MDG,Female,6.5,6.3,6.32,6.22,6.1,5.81,5.63,5.49,5.47
MDG,"CO2 emissions, total (KtCO2)",1873.84,1741.83,1235.78,1756.49,1936.18,1705.16,1697.82,1804.16,1910.51
MDG,Male,19.44,19.03,19.09,19.23,18.88,18.46,18.11,17.74,17.76
MDV,Male,7.59,7.15,6.83,6.63,6.45,6.35,6.32,6.22,6.0
MDV,Female,4.37,3.94,3.6,3.25,2.92,2.64,2.38,2.19,2.04
MDV,"CO2 emissions, total (KtCO2)",498.71,575.72,689.40,597.72,751.74,678.40,869.08,898.42,920.42
MDV,Number of People Affected,0.0,0.0,0.0,0.0,27214.0,0.0,0.0,1649.0,0.0
MDV,Number of Homeless,0.0,0.0,0.0,0.0,13000.0,0.0,0.0,0.0,0.0
MEX,Number of People Affected,73301.0,6400.0,516830.0,241653.0,4090.0,2983571.0,270700.0,1858000.0,520000.0
MEX,"CO2 emissions, total (KtCO2)",383021.82,393604.78,390781.19,402068.22,405709.55,432665.66,441653.48,449860.23,475833.59
MEX,Male,8.65,8.59,8.78,8.91,8.76,8.98,8.93,9.01,9.75
MEX,Female,1.46,1.53,1.58,1.62,1.62,1.69,1.7,1.72,1.84
MEX,Number of Homeless,0.0,800.0,0.0,3000.0,0.0,300000.0,0.0,30000.0,0.0
MHL,Number of Homeless,0.0,0.0,0.0,0.0,0.0,0.0,0.0,0.0,0.0
MHL,"CO2 emissions, total (KtCO2)",77.01,80.67,84.34,84.34,88.01,84.34,91.68,99.01,99.01
MHL,Male,35.27,34.87,35.21,35.13,35.0,34.9,35.04,34.86,34.75
MHL,Female,14.65,14.59,14.54,14.47,14.41,14.36,14.28,14.05,13.84
MHL,Number of People Affected,218.0,0.0,0.0,0.0,0.0,0.0,0.0,0.0,600.0
MKD,Number of Homeless,0.0,0.0,150.0,0.0,0.0,0.0,0.0,0.0,0.0
MKD,Female,4.36,4.2,4.03,4.0,3.93,3.83,3.81,3.91,3.7
MKD,Number of People Affected,0.0,0.0,1850.0,4750.0,100000.0,2003.0,1500.0,1000202.0,0.0
MKD,"CO2 emissions, total (KtCO2)",12064.43,11998.42,10934.99,11309.03,11191.68,11246.69,10909.33,11327.36,11815.07
MKD,Male,11.57,12.14,12.6,12.19,11.45,11.27,11.54,11.41,10.89
MLI,"CO2 emissions, total (KtCO2)",542.72,546.38,553.72,539.05,564.72,568.39,568.39,579.39,594.05
MLI,Female,4.05,3.92,3.83,3.69,3.57,3.45,3.38,3.33,3.26
MLI,Male,10.03,9.95,9.97,9.91,9.92,9.88,9.9,10.0,10.04
MLI,Number of Homeless,0.0,0.0,0.0,10000.0,0.0,1860.0,1000.0,46162.0,2500.0
MLI,Number of People Affected,0.0,3500.0,22801.0,11216.0,0.0,1002028.0,26151.0,88858.0,2500.0
MMR,Male,11.26,11.19,11.08,10.93,10.88,10.68,10.5,10.28,10.05
MMR,Number of People Affected,0.0,3750.0,50000.0,0.0,40700.0,16.0,70106.0,166664.0,2420000.0
MMR,Female,3.19,3.12,3.06,3.02,2.93,2.83,2.73,2.62,2.51
MMR,Number of Homeless,0.0,3750.0,0.0,0.0,28200.0,0.0,0.0,4237.0,0.0
MMR,"CO2 emissions, total (KtCO2)",8888.81,7348.67,8173.74,9611.21,11470.38,14543.32,13028.85,13047.19,12775.83
MNE,Number of People Affected,0.0,0.0,0.0,0.0,0.0,0.0,0.0,1086.0,0.0
MNE,"CO2 emissions, total (KtCO2)",..,..,..,..,..,2057.19,2471.56,1965.51,1950.84
MNE,Female,6.45,6.56,6.54,6.51,6.4,6.32,6.05,5.9,5.78
MNE,Number of Homeless,0.0,0.0,0.0,0.0,0.0,0.0,0.0,0.0,0.0
MNE,Male,16.46,16.6,16.55,16.93,17.2,17.68,17.34,17.13,16.79
MNG,"CO2 emissions, total (KtCO2)",7506.35,7884.05,8287.42,8034.40,8551.44,8808.13,9442.53,10560.96,10894.66
MNG,Number of Homeless,0.0,0.0,0.0,150.0,0.0,0.0,0.0,0.0,0.0
MNG,Female,8.74,8.16,7.72,7.35,7.18,6.95,6.59,6.07,5.94
MNG,Number of People Affected,1521000.0,179000.0,665000.0,1659.0,0.0,0.0,0.0,0.0,3151.0
MNG,Male,33.46,33.56,33.71,33.63,34.11,34.37,33.76,32.77,30.78
MNP,Number of Homeless,0.0,0.0,300.0,0.0,0.0,0.0,0.0,0.0,0.0
MNP,Number of People Affected,0.0,0.0,300.0,0.0,200.0,0.0,0.0,0.0,0.0
MNP,"CO2 emissions, total (KtCO2)",..,..,..,..,..,..,..,..,..
MNP,Female,3.72,3.81,3.71,3.61,3.5,3.38,3.25,3.13,3.15
MNP,Male,17.69,18.99,18.85,18.83,18.49,18.47,18.4,18.55,18.92
MOZ,Male,27.02,26.84,27.21,27.53,28.12,28.86,29.6,30.44,31.05
MOZ,Number of Homeless,1050.0,0.0,4500.0,0.0,0.0,9000.0,1440.0,3500.0,58000.0
MOZ,"CO2 emissions, total (KtCO2)",1349.46,1580.48,1587.81,1917.84,1921.51,1822.50,1980.18,2574.23,2313.88
MOZ,Number of People Affected,4519987.0,849937.0,606545.0,681647.0,0.0,1447837.0,7168.0,1092352.0,745846.0
MOZ,Female,6.47,6.23,6.13,6.06,6.03,6.07,6.1,6.22,6.25
MRT,"CO2 emissions, total (KtCO2)",1195.44,1283.45,1411.80,1452.13,1613.48,1657.48,1672.15,1950.84,1998.52
MRT,Male,10.98,10.92,10.76,10.64,10.61,10.5,10.39,10.35,10.34
MRT,Number of Homeless,0.0,3000.0,0.0,21000.0,0.0,0.0,10600.0,0.0,0.0
MRT,Female,3.76,3.69,3.58,3.49,3.42,3.33,3.28,3.23,3.19
MRT,Number of People Affected,0.0,1003000.0,27500.0,21000.0,0.0,10085.0,10619.0,54120.0,0.0
MUS,Number of People Affected,0.0,0.0,1050.0,0.0,0.0,0.0,2553.0,0.0,0.0
MUS,Female,6.19,5.91,5.31,5.11,4.74,4.59,4.68,4.32,3.92
MUS,"CO2 emissions, total (KtCO2)",2768.59,2966.60,2981.27,3146.29,3193.96,3410.31,3777.01,3887.02,3953.03
MUS,Number of Homeless,0.0,0.0,1000.0,0.0,0.0,0.0,0.0,0.0,0.0
MUS,Male,16.42,15.57,16.04,14.35,13.98,14.18,14.32,14.17,13.8
MWI,Male,24.17,23.79,23.63,23.61,23.83,23.8,23.78,23.69,23.61
MWI,"CO2 emissions, total (KtCO2)",905.75,905.75,883.75,957.09,975.42,916.75,953.42,953.42,1228.45
MWI,Female,6.62,6.21,5.86,5.58,5.27,4.92,4.59,4.34,4.16
MWI,Number of Homeless,0.0,0.0,0.0,1000.0,0.0,44500.0,16000.0,2659.0,0.0
MWI,Number of People Affected,23323.0,549016.0,3226548.0,19500.0,0.0,5144508.0,16852.0,721965.0,21649.0
MYS,Male,13.33,12.72,12.43,12.58,12.27,11.75,11.34,11.11,11.36
MYS,Number of Homeless,0.0,0.0,0.0,0.0,19296.0,0.0,0.0,29000.0,0.0
MYS,Number of People Affected,9488.0,33200.0,155.0,18803.0,77101.0,30600.0,106518.0,166533.0,8000.0
MYS,Female,4.75,4.58,4.49,4.53,4.43,4.3,4.14,3.99,3.93
MYS,"CO2 emissions, total (KtCO2)",126603.18,136716.76,135128.95,160266.24,168040.28,183445.34,179418.98,194919.39,208267.27
NAM,"CO2 emissions, total (KtCO2)",1763.83,2086.52,2214.87,2361.55,2497.23,2658.58,2852.93,2992.27,3967.69
NAM,Number of People Affected,5058.0,12098.0,345000.0,12000.0,25000.0,0.0,2347.0,15250.0,65203.0
NAM,Male,36.76,36.15,36.17,35.4,34.35,32.83,31.09,29.44,28.14
NAM,Number of Homeless,0.0,0.0,0.0,0.0,0.0,0.0,0.0,0.0,0.0
NAM,Female,7.3,7.1,7.01,6.6,6.09,5.51,4.87,4.34,3.9
NER,Male,11.41,11.4,11.22,11.11,10.91,10.84,10.84,10.77,10.67
NER,Female,5.24,5.16,5.01,4.86,4.75,4.67,4.6,4.51,4.44
NER,Number of Homeless,0.0,0.0,0.0,0.0,0.0,0.0,46472.0,0.0,0.0
NER,Number of People Affected,5310.0,3652625.0,4559.0,31861.0,20132.0,3000387.0,47256.0,57274.0,34805.0
NER,"CO2 emissions, total (KtCO2)",795.74,759.07,814.07,880.08,880.08,825.08,817.74,872.75,850.74
NGA,Number of People Affected,8055.0,92553.0,4103.0,210000.0,31797.0,27877.0,13000.0,55000.0,66.0
NGA,Male,10.09,10.06,10.04,9.96,9.87,9.74,9.68,9.61,9.51
NGA,Female,8.12,7.74,7.42,7.03,6.69,6.29,6.21,6.15,6.03
NGA,Number of Homeless,6300.0,5802.0,200.0,0.0,0.0,3000.0,10000.0,0.0,0.0
NGA,"CO2 emissions, total (KtCO2)",79181.53,83350.91,98125.25,93138.13,97047.16,104043.79,92225.05,88605.72,95756.37
NIC,Number of Homeless,5650.0,0.0,3004.0,0.0,0.0,5763.0,0.0,0.0,0.0
NIC,"CO2 emissions, total (KtCO2)",3667.00,3835.68,3813.68,4114.37,4136.38,3975.03,4239.05,4510.41,4330.73
NIC,Number of People Affected,15487.0,212866.0,29846.0,0.0,5969.0,13643.0,0.0,212726.0,39188.0
NIC,Male,14.85,14.61,14.5,14.45,13.99,13.76,12.79,12.45,12.16
NIC,Female,4.67,4.62,4.52,4.33,4.22,4.07,3.7,3.65,3.6
NOR,Female,6.32,6.28,6.18,6.17,6.46,6.48,6.03,5.97,5.91
NOR,Male,18.89,18.45,17.69,17.12,16.63,16.2,15.9,15.31,15.69
NOR,Number of People Affected,600.0,1500.0,0.0,0.0,0.0,0.0,0.0,0.0,100.0
NOR,"CO2 emissions, total (KtCO2)",38807.86,41092.40,37429.07,42625.21,42665.55,42364.85,44257.02,44924.42,49992.21
NOR,Number of Homeless,0.0,0.0,0.0,0.0,0.0,0.0,0.0,0.0,0.0
NPL,Number of People Affected,50662.0,21261.0,266065.0,59254.0,800015.0,31600.0,280000.0,640706.0,250003.0
NPL,"CO2 emissions, total (KtCO2)",3234.29,3454.31,2709.91,2951.94,2768.59,3234.29,3325.97,3421.31,3542.32
NPL,Female,7.55,7.33,7.22,7.15,7.06,7.07,7.09,7.18,7.23
NPL,Male,11.21,10.74,10.37,10.08,9.95,9.86,9.92,10.01,10.09
NPL,Number of Homeless,0.0,0.0,0.0,15575.0,0.0,0.0,80000.0,0.0,0.0
NZL,"CO2 emissions, total (KtCO2)",32698.64,34202.11,33641.06,33714.40,33545.72,33369.70,33553.05,32936.99,33094.68
NZL,Male,21.29,20.95,20.44,20.23,19.71,19.66,18.93,19.06,18.63
NZL,Female,5.64,5.88,6.12,6.32,6.18,5.89,5.9,5.88,6.09
NZL,Number of People Affected,0.0,0.0,300.0,1.0,5350.0,500.0,1200.0,300.0,0.0
NZL,Number of Homeless,0.0,0.0,0.0,0.0,0.0,400.0,0.0,0.0,0.0
OMN,Male,4.91,4.89,4.83,4.79,4.75,4.66,4.6,4.61,4.65
OMN,Number of People Affected,0.0,0.0,83.0,0.0,0.0,0.0,0.0,20000.0,0.0
OMN,Number of Homeless,0.0,0.0,0.0,0.0,0.0,0.0,0.0,0.0,0.0
OMN,Female,1.52,1.5,1.47,1.45,1.44,1.42,1.4,1.37,1.35
OMN,"CO2 emissions, total (KtCO2)",22057.01,20443.53,25544.32,32691.31,31561.87,34653.15,38917.87,40373.67,45749.49
PAK,Number of People Affected,258.0,1319983.0,159918.0,1268800.0,13248.0,12655663.0,8230.0,1652711.0,366084.0
PAK,"CO2 emissions, total (KtCO2)",106449.34,108282.84,114084.04,118895.14,131619.63,136636.09,145854.93,160882.29,163177.83
PAK,Number of Homeless,0.0,500.0,5000.0,2500.0,2320.0,5003500.0,5600.0,0.0,0.0
PAK,Female,6.51,6.52,6.51,6.48,6.35,6.23,5.89,5.58,5.37
PAK,Male,4.67,4.69,4.7,4.69,4.72,4.76,4.73,4.69,4.7
PAN,Number of People Affected,1000.0,775.0,26673.0,2415.0,22748.0,7000.0,7866.0,129.0,23837.0
PAN,"CO2 emissions, total (KtCO2)",5790.19,7007.64,5834.20,6153.23,5797.53,6032.22,6824.29,6651.94,6912.30
PAN,Number of Homeless,1000.0,775.0,1500.0,340.0,0.0,0.0,1290.0,0.0,0.0
PAN,Female,1.76,1.77,1.82,1.87,1.96,1.79,1.75,1.79,1.84
PAN,Male,10.68,10.92,11.11,11.61,10.88,10.71,11.0,10.71,11.03
PER,Female,2.61,2.42,2.35,2.39,2.28,2.2,2.04,1.94,1.94
PER,Male,6.6,6.26,6.15,6.16,6.06,5.84,5.55,5.43,5.45
PER,Number of People Affected,50.0,420558.0,119050.0,1905350.0,2145043.0,2505.0,18325.0,1590617.0,450012.0
PER,Number of Homeless,50.0,125015.0,0.0,3950.0,70.0,0.0,325.0,0.0,0.0
PER,"CO2 emissions, total (KtCO2)",30296.75,27165.14,27187.14,26380.40,31895.57,37418.07,35346.21,43512.62,40535.02
PHL,Female,2.78,2.72,2.66,2.6,2.42,2.51,2.62,2.68,2.75
PHL,Male,7.02,6.87,6.79,6.69,6.49,6.64,7.0,7.25,7.6
PHL,Number of People Affected,6425002.0,3624958.0,1211212.0,687761.0,3263076.0,213057.0,8612817.0,2023092.0,8459896.0
PHL,Number of Homeless,125250.0,100000.0,3000.0,83203.0,8700.0,0.0,0.0,0.0,54645.0
PHL,"CO2 emissions, total (KtCO2)",79111.86,77164.68,76057.25,76244.26,78998.18,81066.37,67630.48,78580.14,83156.56
PNG,Number of People Affected,5000.0,1596.0,20859.0,621.0,19600.0,17693.0,25999.0,162140.0,75300.0
PNG,Number of Homeless,5000.0,200.0,1000.0,0.0,0.0,200.0,22000.0,0.0,0.0
PNG,"CO2 emissions, total (KtCO2)",2687.91,3230.63,3512.99,3967.69,4481.07,4613.09,4594.75,3113.28,2108.53
PNG,Female,12.43,12.32,12.26,12.2,12.16,12.13,12.09,12.01,11.92
PNG,Male,37.6,37.44,37.4,37.45,37.48,37.42,37.41,37.37,37.26
POL,"CO2 emissions, total (KtCO2)",301691.42,302806.19,296931.66,304856.05,305138.40,303766.95,319410.37,315204.32,316066.06
POL,Female,4.97,4.8,4.76,4.67,4.63,4.6,4.55,4.53,4.45
POL,Number of Homeless,0.0,0.0,0.0,0.0,0.0,0.0,0.0,0.0,0.0
POL,Male,28.92,29.15,29.03,28.88,29.68,29.85,29.91,30.11,30.26
POL,Number of People Affected,0.0,15000.0,0.0,0.0,600.0,3600.0,500.0,0.0,1060.0
PRI,Number of Homeless,0.0,180.0,0.0,100.0,0.0,0.0,0.0,0.0,0.0
PRI,Female,1.51,1.52,1.46,1.44,1.49,1.55,1.48,1.62,1.71
PRI,Male,14.19,14.28,13.11,12.78,12.93,13.23,13.05,12.85,12.8
PRI,Number of People Affected,0.0,9480.0,0.0,2505.0,3500.0,0.0,0.0,0.0,0.0
PRI,"CO2 emissions, total (KtCO2)",..,..,..,..,..,..,..,..,..
PRT,Number of Homeless,60.0,200.0,60.0,0.0,0.0,0.0,0.0,0.0,38.0
PRT,Female,4.22,4.19,4.1,4.03,3.69,3.43,3.41,3.77,3.85
PRT,"CO2 emissions, total (KtCO2)",62966.06,62863.38,66820.07,61275.57,63175.08,65309.27,59108.37,60234.14,56310.45
PRT,Male,16.68,16.66,16.52,16.02,15.15,14.88,14.91,15.13,15.27
PRT,Number of People Affected,70.0,200.0,60.0,150036.0,0.0,136.0,240.0,0.0,110.0
PRY,Female,3.02,3.02,3.07,3.25,3.57,3.5,3.42,3.2,3.19
PRY,Number of Homeless,0.0,0.0,12500.0,0.0,0.0,0.0,0.0,0.0,0.0
PRY,Number of People Affected,0.0,0.0,15265.0,0.0,0.0,52990.0,100000.0,125000.0,71612.0
PRY,Male,7.79,7.83,8.05,8.48,8.8,8.82,8.91,8.73,8.79
PRY,"CO2 emissions, total (KtCO2)",3689.00,3821.01,3898.02,4070.37,4088.71,3832.02,3986.03,4136.38,4118.04
RUS,Number of Homeless,19100.0,400.0,1620.0,1800.0,1000.0,0.0,0.0,7500.0,0.0
RUS,"CO2 emissions, total (KtCO2)",1553451.21,1544404.72,1537195.40,1584998.41,1602963.04,1615683.87,1669603.44,1667575.58,1708653.32
RUS,Male,80.36,78.87,77.8,77.34,75.69,78.17,69.68,64.33,62.82
RUS,Female,12.89,12.79,12.83,12.91,12.55,12.9,11.61,10.92,10.77
RUS,Number of People Affected,99405.0,394027.0,409795.0,1002406.0,13720.0,9047.0,19774.0,21512.0,5235.0
RWA,Number of People Affected,164.0,3000.0,22279.0,1007016.0,540.0,0.0,2300.0,4500.0,11989.0
RWA,Female,12.86,11.72,10.75,9.97,9.28,8.59,7.78,7.06,6.49
RWA,Male,29.51,27.97,26.75,25.77,25.02,24.32,23.63,22.97,22.19
RWA,Number of Homeless,0.0,0.0,0.0,7000.0,0.0,0.0,0.0,0.0,0.0
RWA,"CO2 emissions, total (KtCO2)",685.73,689.40,689.40,682.06,689.40,689.40,689.40,715.07,704.06
SAU,Number of People Affected,497.0,74.0,0.0,13050.0,430.0,67.0,0.0,0.0,0.0
SAU,Male,3.7,3.71,3.82,3.91,3.96,4.09,4.18,4.27,4.28
SAU,Female,0.84,0.85,0.88,0.88,0.88,0.88,0.89,0.89,0.89
SAU,"CO2 emissions, total (KtCO2)",297749.40,295842.56,323458.74,323671.42,346018.12,367033.70,383399.52,397121.43,433556.74
SAU,Number of Homeless,0.0,0.0,0.0,0.0,0.0,0.0,0.0,0.0,0.0
SDN,Number of Homeless,0.0,0.0,0.0,0.0,0.0,4780.0,6000.0,200000.0,0.0
SDN,Number of People Affected,2002363.0,97000.0,101281.0,325234.0,8114.0,168234.0,195769.0,572974.0,93003.0
SDN,Male,8.04,8.03,8.0,7.91,7.89,7.91,7.85,7.83,7.8
SDN,"CO2 emissions, total (KtCO2)",5533.50,6369.58,8118.74,9072.16,10377.61,11994.76,11683.06,12676.82,14051.94
SDN,Female,3.66,3.55,3.43,3.3,3.21,3.16,3.09,3.04,2.99
SEN,Male,20.56,20.47,20.36,20.34,20.39,20.43,20.4,20.49,20.37
SEN,Number of Homeless,0.0,0.0,0.0,6492.0,1000.0,0.0,0.0,0.0,0.0
SEN,"CO2 emissions, total (KtCO2)",3938.36,4330.73,4547.08,5012.79,5280.48,5859.87,4789.10,5372.16,4976.12
SEN,Number of People Affected,0.0,0.0,463181.0,7769.0,1861.0,73022.0,0.0,8125.0,23600.0
SEN,Female,5.43,5.4,5.34,5.28,5.25,5.2,5.15,5.1,5.05
SGP,"CO2 emissions, total (KtCO2)",47623.33,42764.55,42060.49,34653.15,40769.71,50281.90,47865.35,36013.61,32295.27
SGP,Male,15.76,15.46,15.31,14.36,13.79,13.9,13.12,13.04,13.03
SGP,Number of Homeless,0.0,0.0,0.0,0.0,0.0,0.0,0.0,0.0,0.0
SGP,Female,7.99,8.04,7.76,7.36,7.63,7.11,7.11,6.6,6.32
SGP,Number of People Affected,2022.0,0.0,0.0,205.0,0.0,0.0,0.0,0.0,0.0
SLB,Male,26.98,26.75,26.61,26.44,26.26,26.03,25.88,25.68,25.43
SLB,Female,10.76,10.59,10.43,10.27,10.11,9.97,9.9,9.82,9.73
SLB,"CO2 emissions, total (KtCO2)",165.02,172.35,172.35,179.68,179.68,179.68,179.68,198.02,198.02
SLB,Number of Homeless,0.0,0.0,1100.0,150.0,0.0,0.0,0.0,0.0,0.0
SLB,Number of People Affected,0.0,0.0,1110.0,425.0,0.0,0.0,0.0,2384.0,0.0
SLE,Number of Homeless,0.0,0.0,0.0,0.0,0.0,0.0,0.0,0.0,0.0
SLE,Female,6.02,6.2,6.42,6.51,6.63,6.69,6.74,6.84,6.85
SLE,Number of People Affected,0.0,3.0,0.0,90.0,633.0,15000.0,0.0,4500.0,1746.0
SLE,"CO2 emissions, total (KtCO2)",630.72,858.08,1191.78,1224.78,1067.10,1261.45,1239.45,1312.79,1334.79
SLE,Male,13.01,13.25,13.5,13.59,13.62,13.65,13.66,13.64,13.57
SLV,Number of People Affected,711.0,1991550.0,2999.0,50000.0,0.0,77224.0,16470.0,3300.0,3000.0
SLV,"CO2 emissions, total (KtCO2)",5742.52,5947.87,6039.55,6552.93,6277.90,6362.25,6486.92,6901.29,6112.89
SLV,Male,16.38,15.87,15.32,15.85,16.46,16.73,16.12,17.06,16.49
SLV,Female,5.37,5.24,4.95,4.62,4.49,4.34,4.06,4.1,3.82
SLV,Number of Homeless,0.0,0.0,0.0,0.0,0.0,0.0,0.0,0.0,0.0
SOM,Male,16.99,16.57,16.29,16.06,15.85,15.67,15.61,15.58,15.58
SOM,Female,6.93,6.69,6.5,6.34,6.17,6.02,5.92,5.84,5.79
SOM,Number of Homeless,220000.0,0.0,0.0,0.0,1500.0,2500.0,0.0,2000.0,0.0
SOM,"CO2 emissions, total (KtCO2)",517.05,502.38,572.05,575.72,575.72,579.39,575.72,630.72,649.06
SOM,Number of People Affected,1575990.0,6611.0,1191.0,300.0,306583.0,7719.0,492376.0,45699.0,3352663.0
STP,Female,2.07,2.07,2.07,2.07,2.06,2.02,2.01,1.98,1.95
STP,Number of People Affected,0.0,0.0,0.0,0.0,0.0,0.0,0.0,0.0,0.0
STP,Number of Homeless,0.0,0.0,0.0,0.0,0.0,0.0,0.0,0.0,0.0
STP,"CO2 emissions, total (KtCO2)",88.01,91.68,106.34,110.01,113.68,128.35,128.35,128.35,128.35
STP,Male,4.16,4.21,4.27,4.49,4.58,4.63,4.71,4.66,4.74
SUR,Female,12.17,11.92,11.75,11.85,11.82,11.44,11.31,11.91,11.99
SUR,Male,37.74,39.63,39.48,40.9,41.48,41.18,41.82,41.9,42.57
SUR,"CO2 emissions, total (KtCO2)",2126.86,2266.21,2251.54,2240.54,2284.54,2379.88,2438.56,2438.56,2438.56
SUR,Number of Homeless,0.0,0.0,0.0,0.0,0.0,0.0,0.0,0.0,0.0
SUR,Number of People Affected,0.0,0.0,0.0,0.0,0.0,0.0,25000.0,0.0,6548.0
SVK,Number of People Affected,0.0,0.0,0.0,0.0,10554.0,0.0,100.0,89.0,0.0
SVK,Male,23.0,22.5,22.66,22.24,20.85,20.93,20.15,20.33,20.97
SVK,Female,4.05,4.07,3.84,3.75,3.66,3.51,3.31,3.39,3.21
SVK,Number of Homeless,0.0,0.0,0.0,0.0,0.0,0.0,0.0,0.0,0.0
SVK,"CO2 emissions, total (KtCO2)",36530.65,39357.91,39251.57,39493.59,38749.19,39174.56,38928.87,36592.99,37557.41
SVN,Number of Homeless,0.0,0.0,0.0,0.0,0.0,0.0,0.0,1050.0,0.0
SVN,"CO2 emissions, total (KtCO2)",14601.99,15148.38,15401.40,15485.74,15716.76,15870.78,16230.14,16193.47,17157.89
SVN,Male,41.31,41.87,40.27,39.99,36.45,34.17,34.89,33.01,31.12
SVN,Female,11.04,10.23,9.72,9.9,9.96,8.75,7.72,7.42,6.78
SVN,Number of People Affected,0.0,0.0,0.0,0.0,605.0,0.0,0.0,1050.0,0.0
SWE,Female,7.54,7.26,7.18,7.35,7.56,7.27,7.1,6.93,7.01
SWE,Number of Homeless,0.0,0.0,0.0,0.0,0.0,0.0,0.0,0.0,0.0
SWE,Male,18.49,18.59,18.0,17.49,18.06,17.45,17.32,17.42,17.41
SWE,Number of People Affected,0.0,0.0,350.0,0.0,0.0,0.0,0.0,0.0,0.0
SWE,"CO2 emissions, total (KtCO2)",49794.19,51128.98,57425.22,54781.31,54506.29,51550.69,49559.51,48045.03,49049.79
SWZ,Female,8.88,9.43,10.24,10.41,10.61,10.82,10.45,10.22,10.2
SWZ,Male,47.11,49.76,51.52,52.94,53.43,53.43,52.94,52.57,52.63
SWZ,"CO2 emissions, total (KtCO2)",1188.11,1144.10,1125.77,1041.43,1030.43,1019.43,1015.76,1063.43,1092.77
SWZ,Number of Homeless,0.0,0.0,0.0,0.0,0.0,260.0,0.0,0.0,0.0
SWZ,Number of People Affected,273449.0,970000.0,0.0,0.0,0.0,1150.0,6535.0,411500.0,2500.0
SYC,Number of People Affected,0.0,0.0,6800.0,0.0,4830.0,0.0,5461.0,0.0,0.0
SYC,"CO2 emissions, total (KtCO2)",564.72,641.73,542.72,557.38,773.74,696.73,744.40,623.39,682.06
SYC,Male,17.01,16.54,16.03,15.6,15.0,14.3,13.78,13.51,13.29
SYC,Female,2.34,2.34,2.38,2.42,2.42,2.43,2.43,2.39,2.34
SYC,Number of Homeless,0.0,0.0,0.0,0.0,70.0,0.0,0.0,0.0,0.0
SYR,Female,1.28,1.2,1.16,1.09,1.09,1.07,1.06,1.04,1.08
SYR,Number of Homeless,0.0,0.0,0.0,0.0,0.0,0.0,0.0,0.0,0.0
SYR,"CO2 emissions, total (KtCO2)",63589.45,60908.87,55987.76,70091.04,67520.47,64396.19,68220.87,70897.78,71598.18
SYR,Number of People Affected,0.0,172.0,23.0,0.0,180.0,0.0,0.0,0.0,1300000.0
SYR,Male,5.16,4.95,4.87,4.62,4.68,4.71,4.61,4.65,4.78
TCD,"CO2 emissions, total (KtCO2)",176.02,172.35,168.68,381.37,377.70,399.70,407.04,462.04,495.05
TCD,Number of People Affected,9673.0,979207.0,0.0,131.0,3567.0,6000.0,216.0,173145.0,16205.0
TCD,Number of Homeless,0.0,0.0,0.0,0.0,0.0,0.0,0.0,0.0,6450.0
TCD,Male,14.82,15.0,15.02,15.2,15.02,14.79,14.61,14.72,14.74
TCD,Female,8.57,8.64,8.68,8.79,8.71,8.62,8.52,8.54,8.55
TGO,Female,6.78,6.66,6.55,6.46,6.24,6.14,6.02,6.0,5.98
TGO,Male,20.54,20.84,20.97,21.45,21.35,21.45,21.52,21.57,21.91
TGO,Number of Homeless,0.0,0.0,0.0,0.0,0.0,0.0,0.0,13374.0,0.0
TGO,"CO2 emissions, total (KtCO2)",1356.79,1162.44,1232.11,1463.13,1397.13,1338.46,1221.11,1316.45,1419.13
TGO,Number of People Affected,0.0,1567.0,494.0,790.0,0.0,0.0,2000.0,141331.0,45500.0
THA,"CO2 emissions, total (KtCO2)",201549.32,217086.40,230635.97,245674.33,267760.67,275164.35,283987.15,282091.31,285732.64
THA,Male,24.34,22.79,22.34,21.5,19.5,17.87,17.45,17.03,16.82
THA,Female,9.66,8.62,8.28,7.4,6.58,5.79,5.65,5.48,5.29
THA,Number of People Affected,3366966.0,470529.0,8354124.0,112711.0,583175.0,822810.0,2557308.0,183000.0,11573157.0
THA,Number of Homeless,0.0,4730.0,36104.0,0.0,50.0,0.0,0.0,0.0,1000.0
TJK,Number of Homeless,0.0,150.0,3490.0,780.0,0.0,735.0,0.0,125.0,0.0
TJK,Male,6.85,6.6,6.66,6.69,6.83,7.19,7.39,7.6,7.73
TJK,Female,2.47,2.59,2.52,2.55,2.57,2.63,2.63,2.63,2.65
TJK,Number of People Affected,3006000.0,3185.0,5801.0,8192.0,400180.0,7065.0,29155.0,24312.0,2800000.0
TJK,"CO2 emissions, total (KtCO2)",2236.87,2291.88,1881.17,2075.52,2233.20,2291.88,2420.22,3245.30,3146.29
TKM,Male,18.83,19.02,19.57,19.83,20.67,21.48,20.87,19.47,17.79
TKM,Number of Homeless,0.0,0.0,0.0,0.0,0.0,0.0,0.0,0.0,0.0
TKM,Number of People Affected,0.0,0.0,0.0,0.0,0.0,0.0,0.0,0.0,0.0
TKM,Female,4.27,4.39,4.6,4.81,5.13,5.42,5.49,5.16,4.76
TKM,"CO2 emissions, total (KtCO2)",35646.91,39680.61,41074.07,43160.59,39640.27,41759.80,43871.99,45866.84,47839.68
TON,"CO2 emissions, total (KtCO2)",121.01,139.35,143.01,176.02,172.35,172.35,172.35,176.02,176.02
TON,Male,6.97,7.1,7.37,7.52,7.63,7.68,7.74,7.83,7.81
TON,Female,4.62,4.51,4.51,4.43,4.31,4.25,4.18,4.15,4.06
TON,Number of People Affected,0.0,16500.0,0.0,0.0,0.0,0.0,0.0,0.0,0.0
TON,Number of Homeless,0.0,0.0,0.0,0.0,0.0,0.0,0.0,0.0,0.0
TTO,Female,4.99,4.75,4.31,4.43,4.47,4.23,4.08,4.07,4.35
TTO,Number of People Affected,0.0,0.0,0.0,0.0,1760.0,0.0,0.0,0.0,0.0
TTO,Male,20.81,20.49,20.23,19.77,19.94,19.54,18.45,18.88,20.65
TTO,Number of Homeless,0.0,0.0,0.0,0.0,0.0,0.0,0.0,0.0,0.0
TTO,"CO2 emissions, total (KtCO2)",24513.90,25023.61,26890.11,27696.85,31554.54,30949.48,34480.80,37036.70,49772.19
TUN,Male,5.19,5.18,5.18,5.17,5.14,5.13,5.11,5.08,5.03
TUN,Number of Homeless,0.0,0.0,0.0,0.0,0.0,0.0,0.0,0.0,0.0
TUN,Female,2.16,2.12,2.08,2.04,1.99,1.95,1.91,1.87,1.83
TUN,"CO2 emissions, total (KtCO2)",19922.81,20817.56,21015.58,21396.95,22445.71,22801.41,23127.77,23868.50,25012.61
TUN,Number of People Affected,0.0,0.0,0.0,27000.0,0.0,0.0,0.0,6500.0,0.0
TUR,Number of Homeless,350.0,0.0,30000.0,45000.0,50000.0,0.0,0.0,36.0,300.0
TUR,Number of People Affected,25730.0,3731.0,255327.0,290932.0,88652.0,6203.0,63245.0,3186.0,300.0
TUR,"CO2 emissions, total (KtCO2)",216147.65,194538.02,205678.36,218509.20,225406.82,237368.58,261570.78,284658.21,283979.81
TUR,Female,1.72,1.63,1.58,1.62,1.62,1.63,1.61,1.57,1.54
TUR,Male,5.22,4.97,4.65,4.6,4.56,4.64,4.64,4.57,4.56
TZA,Male,15.5,15.14,14.65,14.3,13.94,14.0,14.02,14.11,14.12
TZA,Number of Homeless,1835.0,1050.0,2000.0,0.0,0.0,0.0,21500.0,0.0,1942.0
TZA,Female,5.04,4.77,4.54,4.42,4.26,4.13,4.03,3.97,3.9
TZA,Number of People Affected,3506.0,1565.0,3349.0,1902000.0,254000.0,16124.0,3722938.0,284.0,10134.0
TZA,"CO2 emissions, total (KtCO2)",2651.24,3127.95,3589.99,3806.35,4352.73,5086.13,5379.49,6039.55,6464.92
UGA,Number of Homeless,10000.0,300.0,200.0,1500.0,20000.0,0.0,0.0,282975.0,0.0
UGA,Female,19.73,19.27,18.54,17.7,16.9,16.01,14.72,13.53,12.38
UGA,Male,16.43,16.8,16.88,16.88,16.91,16.87,16.86,16.83,16.68
UGA,Number of People Affected,10728.0,4175.0,655960.0,2442.0,30053.0,600726.0,11382.0,726982.0,1130428.0
UGA,"CO2 emissions, total (KtCO2)",1532.81,1631.82,1705.16,1719.82,1833.50,2339.55,2706.25,3204.96,3747.67
UKR,Female,8.69,8.1,7.93,7.66,7.53,7.34,6.85,7.08,7.1
UKR,"CO2 emissions, total (KtCO2)",320774.49,321650.91,318684.30,352259.35,343121.19,339028.82,327796.80,328856.56,323532.08
UKR,Number of Homeless,0.0,0.0,0.0,0.0,0.0,0.0,0.0,1267.0,0.0
UKR,Male,54.61,51.98,51.02,48.92,48.99,48.55,45.4,47.38,46.57
UKR,Number of People Affected,48110.0,300000.0,0.0,600.0,0.0,8340.0,64600.0,7552.0,224725.0
URY,Male,28.34,27.47,29.14,27.84,27.32,26.77,26.64,28.14,26.8
URY,Female,6.28,6.51,6.83,6.92,6.94,6.96,6.8,7.18,6.92
URY,Number of People Affected,5500.0,5000.0,4000.0,200.0,2000.0,12.0,0.0,120000.0,0.0
URY,"CO2 emissions, total (KtCO2)",5306.15,5089.80,4620.42,4598.42,5610.51,5775.53,6648.27,5999.21,8327.76
URY,Number of Homeless,100.0,0.0,2700.0,0.0,0.0,0.0,0.0,10000.0,0.0
USA,Number of Homeless,6374.0,75868.0,3409.0,16101.0,1035.0,1542.0,267.0,1127.0,300.0
USA,Female,4.48,4.64,4.77,4.88,4.9,5.02,5.14,5.18,5.26
USA,"CO2 emissions, total (KtCO2)",5512399.42,5389928.95,5437816.30,5471754.39,5563799.75,5595357.96,5514775.63,5581537.03,5461013.74
USA,Male,17.87,18.03,18.32,18.32,18.05,18.42,18.53,18.57,18.65
USA,Number of People Affected,88298.0,204727.0,174846.0,274891.0,5100821.0,850004.0,83537.0,668118.0,13391218.0
UZB,Number of People Affected,600000.0,0.0,0.0,0.0,0.0,1500.0,0.0,0.0,0.0
UZB,"CO2 emissions, total (KtCO2)",119951.24,122037.76,126914.87,122683.15,119272.84,109599.30,115345.49,115840.53,124905.35
UZB,Number of Homeless,0.0,0.0,0.0,0.0,0.0,0.0,0.0,0.0,0.0
UZB,Female,4.99,5.1,5.15,5.18,5.35,5.49,5.28,5.16,5.0
UZB,Male,17.18,17.06,16.66,16.39,16.82,17.18,16.25,15.7,15.07
VCT,"CO2 emissions, total (KtCO2)",157.68,179.68,187.02,194.35,194.35,198.02,201.69,201.69,201.69
VCT,Number of People Affected,0.0,0.0,0.0,0.0,1004.0,530.0,0.0,0.0,0.0
VCT,Female,2.01,1.86,1.72,1.6,1.57,1.51,1.48,1.46,1.5
VCT,Male,12.63,12.94,12.72,12.62,12.36,12.01,11.71,11.49,11.46
VCT,Number of Homeless,0.0,0.0,0.0,0.0,0.0,0.0,0.0,0.0,0.0
VEN,Female,2.51,2.53,2.77,2.67,2.42,2.32,2.23,2.16,2.17
VEN,Number of People Affected,27004.0,0.0,55376.0,650.0,5730.0,45797.0,135.0,0.0,1500.0
VEN,Male,18.1,18.25,17.53,17.56,15.62,14.67,15.09,15.45,15.73
VEN,Number of Homeless,0.0,0.0,0.0,200.0,4080.0,1650.0,40.0,0.0,0.0
VEN,"CO2 emissions, total (KtCO2)",152415.19,172525.02,193261.90,192103.13,168278.63,159584.17,153595.96,163555.53,169532.74
VNM,"CO2 emissions, total (KtCO2)",53582.20,61631.27,71348.82,79438.22,101678.58,104084.13,83735.95,112290.87,127384.25
VNM,Number of People Affected,5039580.0,1809090.0,2733616.0,421907.0,535974.0,870136.0,3349410.0,1647602.0,789153.0
VNM,Number of Homeless,11860.0,23100.0,0.0,18880.0,0.0,18205.0,352680.0,47525.0,12660.0
VNM,Male,11.69,11.53,11.44,11.41,11.37,11.3,11.2,11.08,11.01
VNM,Female,6.0,5.86,5.73,5.62,5.51,5.39,5.28,5.17,5.06
VUT,"CO2 emissions, total (KtCO2)",80.67,84.34,84.34,88.01,88.01,55.01,47.67,80.67,91.68
VUT,Number of People Affected,0.0,5300.0,4004.0,0.0,54008.0,5000.0,0.0,0.0,9000.0
VUT,Male,29.52,29.32,29.25,29.13,29.02,28.92,28.75,28.72,28.62
VUT,Number of Homeless,0.0,295.0,0.0,0.0,0.0,0.0,0.0,0.0,0.0
VUT,Female,8.87,8.75,8.66,8.52,8.38,8.3,8.21,8.17,8.07
WSM,"CO2 emissions, total (KtCO2)",139.35,143.01,143.01,150.35,154.01,157.68,157.68,161.35,161.35
WSM,Male,19.1,18.61,18.16,17.72,17.31,16.91,16.63,16.23,15.8
WSM,Number of People Affected,0.0,0.0,0.0,0.0,0.0,0.0,0.0,0.0,0.0
WSM,Female,6.05,5.91,5.78,5.69,5.6,5.53,5.38,5.29,5.26
WSM,Number of Homeless,0.0,0.0,0.0,0.0,0.0,0.0,0.0,0.0,0.0
YEM,Number of People Affected,289.0,0.0,700.0,0.0,0.0,911.0,2320.0,2633.0,25064.0
YEM,"CO2 emissions, total (KtCO2)",14638.66,16252.14,15764.43,17304.57,18881.38,20043.82,20791.89,21976.33,23384.46
YEM,Number of Homeless,0.0,0.0,440.0,0.0,0.0,500.0,2300.0,0.0,0.0
YEM,Male,8.71,8.71,8.73,8.69,8.64,8.56,8.48,8.4,8.37
YEM,Female,4.92,4.81,4.72,4.61,4.51,4.41,4.34,4.28,4.22
ZAF,"CO2 emissions, total (KtCO2)",368610.51,362743.31,347686.61,380810.62,414165.65,408199.44,405709.55,433358.73,435877.96
ZAF,Number of Homeless,650.0,600.0,1000.0,600.0,15000.0,0.0,0.0,1600.0,3500.0
ZAF,Male,37.14,35.0,34.69,34.36,33.29,32.02,31.07,29.35,27.72
ZAF,Female,13.2,12.76,13.27,13.64,13.45,12.67,11.74,10.48,9.42
ZAF,Number of People Affected,90857.0,43308.0,118568.0,1100.0,15015174.0,58.0,7160.0,39600.0,20353.0
ZMB,Number of People Affected,13224.0,618325.0,0.0,14835.0,196398.0,1211615.0,105.0,1553636.0,23312.0
ZMB,Female,7.61,6.99,6.42,5.98,5.52,5.16,4.99,4.85,4.9
ZMB,Male,25.86,25.2,24.64,24.28,23.82,23.55,23.29,22.79,22.67
ZMB,Number of Homeless,0.0,0.0,0.0,11000.0,0.0,0.0,0.0,0.0,0.0
ZMB,"CO2 emissions, total (KtCO2)",1818.83,1906.84,1969.18,2101.19,2108.53,2258.87,2284.54,1719.82,1888.51
ZWE,Male,47.58,49.84,52.99,53.35,54.13,54.53,54.35,53.89,53.25
ZWE,Female,15.14,16.37,17.91,18.47,19.28,19.09,18.77,18.41,18.52
ZWE,"CO2 emissions, total (KtCO2)",13886.93,12563.14,11932.42,10626.97,9926.57,10773.65,10344.61,9618.54,9075.83
ZWE,Number of People Affected,268812.0,6030000.0,452.0,18750.0,0.0,1183.0,0.0,2127000.0,98349.0
ZWE,Number of Homeless,66000.0,0.0,0.0,0.0,0.0,0.0,0.0,0.0,0.0
